userId,sensitivity_y,domain,level,sensitivity_x,version,playthrough,platform,timestamp,_doc_id
98df4f7c-2f7d-4336-8e31-98e565231e8f,100,https://html-classic.itch.zone/html/16537285-1538396/index.html?v=1771980144,3,100,1.0,1,WebGLPlayer,2026-02-25 02:36:12.933000+00:00,0dBk2zeMWV7tJ24tMt8m
12ea51bf-5b57-4891-a08f-a0a9cb036581,47,https://bmanske505.github.io/Escape-The-Forest/,3,54,1.0,1,WebGLPlayer,2026-02-26 02:11:52.579000+00:00,0h8IkOrW2CpLNwvYGwDS
05c9809b-f15b-4a30-af0c-d20d66f6c816,100,https://html-classic.itch.zone/html/16537285-1539301/index.html?v=1772048211,3,100,1.0,1,WebGLPlayer,2026-02-26 06:48:49.247000+00:00,3V3BNLGu3ZlLiz0zDxaD
d9490c57-0d14-4cf4-a6d5-6ac9f005e219,100,https://html-classic.itch.zone/html/16537285-1538396/index.html?v=1771980144,4,100,1.0,2,WebGLPlayer,2026-02-25 05:04:59.894000+00:00,4HYfxB7DsTLBZW3cZi9d
d9490c57-0d14-4cf4-a6d5-6ac9f005e219,100,https://html-classic.itch.zone/html/16537285-1538396/index.html?v=1771980144,4,100,1.0,2,WebGLPlayer,2026-02-25 05:11:02.239000+00:00,4NGuCbAzeiGbiUMc9lbW
12ea51bf-5b57-4891-a08f-a0a9cb036581,47,https://bmanske505.github.io/Escape-The-Forest/,3,54,1.0,1,WebGLPlayer,2026-02-26 02:09:48.484000+00:00,4vwcwHEP1lrzglB49qDs
2b5f5563-355f-4ed4-be41-a21cfbb88aea,100,https://html-classic.itch.zone/html/16537285-1539301/index.html?v=1772048211,5,100,1.0,1,WebGLPlayer,2026-02-26 04:09:05.891000+00:00,5j1AMHRT7noSnCrEz1qB
48d112f6-a109-4804-95d5-fd9956b1ade6,100,https://html-classic.itch.zone/html/16537285-1538396/index.html?v=1771980144,4,100,1.0,1,WebGLPlayer,2026-02-25 01:52:13.332000+00:00,61YFLKFHwotoAGZsAPvH
70b5ddbc-6a25-4fe0-b987-a1478fb55fe6,100,https://html-classic.itch.zone/html/16537285-1538396/index.html?v=1771980144,4,100,1.0,1,WebGLPlayer,2026-02-25 04:53:08.234000+00:00,6AmtR3Bh9fu1IzS7h9vE
2b5f5563-355f-4ed4-be41-a21cfbb88aea,100,https://html-classic.itch.zone/html/16537285-1539301/index.html?v=1772048211,4,100,1.0,1,WebGLPlayer,2026-02-26 03:58:48.912000+00:00,6UCLhjld3Nc0C3nO6x4K
fb093188-7616-4e0f-8509-4279e51245ec,100,https://html-classic.itch.zone/html/16537285-1538396/index.html?v=1771980144,6,100,1.0,1,WebGLPlayer,2026-02-25 05:50:40.954000+00:00,73ne8Wsaler01YeLmG5U
05c9809b-f15b-4a30-af0c-d20d66f6c816,100,https://html-classic.itch.zone/html/16537285-1539301/index.html?v=1772048211,4,100,1.0,1,WebGLPlayer,2026-02-26 07:00:20.088000+00:00,7xQlCfe22H0UnzQIvdBv
10399faa-8e46-46d7-95ef-6e50cb706ee6,100,https://html-classic.itch.zone/html/16537285-1538396/index.html?v=1771980144,6,100,1.0,1,WebGLPlayer,2026-02-25 05:52:53.984000+00:00,9RhlvrzVTtFNEZ7fFQEN
48d112f6-a109-4804-95d5-fd9956b1ade6,100,https://html-classic.itch.zone/html/16537285-1538396/index.html?v=1771980144,4,100,1.0,1,WebGLPlayer,2026-02-25 01:51:30.902000+00:00,9vvw3MvInIn0aXB6HlzI
d9490c57-0d14-4cf4-a6d5-6ac9f005e219,100,https://html-classic.itch.zone/html/16537285-1538396/index.html?v=1771980144,4,100,1.0,2,WebGLPlayer,2026-02-25 05:02:11.097000+00:00,A4MUzNKNNIUb9ByZ83Nb
05c9809b-f15b-4a30-af0c-d20d66f6c816,100,https://html-classic.itch.zone/html/16537285-1539301/index.html?v=1772048211,4,100,1.0,1,WebGLPlayer,2026-02-26 07:11:25.742000+00:00,AcQ4EemhESPDGIyLqXqZ
2b5f5563-355f-4ed4-be41-a21cfbb88aea,100,https://html-classic.itch.zone/html/16537285-1539301/index.html?v=1772048211,3,100,1.0,1,WebGLPlayer,2026-02-26 03:36:13.369000+00:00,AsGGc3RZbErKNDfpf3pS
4ba415ef-8d1a-4f0c-9d99-af4c6cbb28d9,100,https://bmanske505.github.io/Escape-The-Forest/,4,100,1.0,1,WebGLPlayer,2026-02-28 00:22:00.839000+00:00,BQM5bbhRK6sxk4xDYxQ6
10399faa-8e46-46d7-95ef-6e50cb706ee6,100,https://html-classic.itch.zone/html/16537285-1538396/index.html?v=1771980144,6,100,1.0,1,WebGLPlayer,2026-02-25 05:51:37.570000+00:00,BRapgFkeetT1dSlRk9TL
05c9809b-f15b-4a30-af0c-d20d66f6c816,100,https://html-classic.itch.zone/html/16537285-1539301/index.html?v=1772048211,3,100,1.0,1,WebGLPlayer,2026-02-26 06:56:34.628000+00:00,CIdS0Rz72oZ79ptkR1gs
5559dbb6-6a01-4a3f-bb34-05607bbc4d07,100,https://html-classic.itch.zone/html/16537285-1539301/index.html?v=1772048211,4,100,1.0,1,WebGLPlayer,2026-02-26 02:28:29.235000+00:00,CM6INHFKk4v3iX7nYRgK
05c9809b-f15b-4a30-af0c-d20d66f6c816,100,https://html-classic.itch.zone/html/16537285-1539301/index.html?v=1772048211,4,100,1.0,1,WebGLPlayer,2026-02-26 07:05:39.625000+00:00,CeOX2GCZWoZBV7CFRrcS
d0826227-0ba6-40a9-88b0-823d1c437007,100,https://html-classic.itch.zone/html/16537285-1539301/index.html?v=1772048211,4,100,1.0,2,WebGLPlayer,2026-02-26 00:33:12.732000+00:00,CgFd5t3P42gEwukxfRoH
fb093188-7616-4e0f-8509-4279e51245ec,100,https://html-classic.itch.zone/html/16537285-1538396/index.html?v=1771980144,6,100,1.0,1,WebGLPlayer,2026-02-25 05:43:18.449000+00:00,DZ3CE3nqgKjsEmwRUEPF
05c9809b-f15b-4a30-af0c-d20d66f6c816,100,https://html-classic.itch.zone/html/16537285-1539301/index.html?v=1772048211,4,100,1.0,1,WebGLPlayer,2026-02-26 06:57:36.196000+00:00,EcGhmRmcP9b6DX300mv2
d9490c57-0d14-4cf4-a6d5-6ac9f005e219,100,https://html-classic.itch.zone/html/16537285-1538396/index.html?v=1771980144,4,100,1.0,2,WebGLPlayer,2026-02-25 05:13:30.969000+00:00,F3aI4pb9eabMSK84MK4W
2b5f5563-355f-4ed4-be41-a21cfbb88aea,100,https://html-classic.itch.zone/html/16537285-1539301/index.html?v=1772048211,3,100,1.0,1,WebGLPlayer,2026-02-26 03:41:10.696000+00:00,F8Qoj1kPYw5UJTmrazCS
05c9809b-f15b-4a30-af0c-d20d66f6c816,100,https://html-classic.itch.zone/html/16537285-1539301/index.html?v=1772048211,4,100,1.0,1,WebGLPlayer,2026-02-26 06:59:06.605000+00:00,FjHInCUchieoCngzMFdb
d9490c57-0d14-4cf4-a6d5-6ac9f005e219,100,https://html-classic.itch.zone/html/16537285-1538396/index.html?v=1771980144,4,100,1.0,2,WebGLPlayer,2026-02-25 04:32:24.666000+00:00,GZAJKwZDmR8fnwm6WR2D
98df4f7c-2f7d-4336-8e31-98e565231e8f,100,https://html-classic.itch.zone/html/16537285-1538396/index.html?v=1771980144,4,100,1.0,1,WebGLPlayer,2026-02-25 02:41:54.278000+00:00,GZjFFtH89rPusD5Zqws0
d0826227-0ba6-40a9-88b0-823d1c437007,100,https://html-classic.itch.zone/html/16537285-1539301/index.html?v=1772048211,4,100,1.0,2,WebGLPlayer,2026-02-26 00:26:16.335000+00:00,HICd2R4n6YnQtS3pLKf0
7df36adf-44de-4187-9323-696cee2fb545,100,https://html-classic.itch.zone/html/16537285-1538396/index.html?v=1771980144,3,100,1.0,1,WebGLPlayer,2026-02-25 05:23:37.538000+00:00,HuekNtYxjHFK7BvXPrUZ
70b5ddbc-6a25-4fe0-b987-a1478fb55fe6,100,https://html-classic.itch.zone/html/16537285-1538396/index.html?v=1771980144,4,100,1.0,1,WebGLPlayer,2026-02-25 05:06:25.068000+00:00,ICfuoMmdwGPuPKfu5N3R
7df36adf-44de-4187-9323-696cee2fb545,100,https://html-classic.itch.zone/html/16537285-1538396/index.html?v=1771980144,3,100,1.0,1,WebGLPlayer,2026-02-25 05:25:27.837000+00:00,IpOOFJE2zsdMQMzXRz8l
98df4f7c-2f7d-4336-8e31-98e565231e8f,100,https://html-classic.itch.zone/html/16537285-1538396/index.html?v=1771980144,4,100,1.0,1,WebGLPlayer,2026-02-25 02:44:40.321000+00:00,MOBBjvUG74apTZtDh8Wg
d9490c57-0d14-4cf4-a6d5-6ac9f005e219,100,https://html-classic.itch.zone/html/16537285-1538396/index.html?v=1771980144,3,100,1.0,2,WebGLPlayer,2026-02-25 04:17:31.931000+00:00,NH0rwvHrXyQcbqrtHoQf
05c9809b-f15b-4a30-af0c-d20d66f6c816,100,https://html-classic.itch.zone/html/16537285-1539301/index.html?v=1772048211,4,100,1.0,1,WebGLPlayer,2026-02-26 07:12:07.441000+00:00,Ncwpx8sUgYPsbcuAeYPb
70b5ddbc-6a25-4fe0-b987-a1478fb55fe6,100,https://html-classic.itch.zone/html/16537285-1538396/index.html?v=1771980144,4,100,1.0,1,WebGLPlayer,2026-02-25 04:58:28.383000+00:00,QLVuf93sOguKUhHOwyCo
10399faa-8e46-46d7-95ef-6e50cb706ee6,100,https://html-classic.itch.zone/html/16537285-1538396/index.html?v=1771980144,4,100,1.0,1,WebGLPlayer,2026-02-25 05:42:05.742000+00:00,R64d4YBq5nMytCO3izhL
70b5ddbc-6a25-4fe0-b987-a1478fb55fe6,100,https://html-classic.itch.zone/html/16537285-1538396/index.html?v=1771980144,4,100,1.0,1,WebGLPlayer,2026-02-25 05:02:58.595000+00:00,U8LCAw39Z1uyoYPFI967
fb093188-7616-4e0f-8509-4279e51245ec,100,https://html-classic.itch.zone/html/16537285-1538396/index.html?v=1771980144,4,100,1.0,1,WebGLPlayer,2026-02-25 05:40:54.978000+00:00,UkdN66YNjV0DPpXTVXM8
2b5f5563-355f-4ed4-be41-a21cfbb88aea,100,https://html-classic.itch.zone/html/16537285-1539301/index.html?v=1772048211,3,100,1.0,1,WebGLPlayer,2026-02-26 03:37:37.239000+00:00,V6VOQiy9GH6MJjNSCw1B
2b5f5563-355f-4ed4-be41-a21cfbb88aea,100,https://html-classic.itch.zone/html/16537285-1539301/index.html?v=1772048211,4,100,1.0,1,WebGLPlayer,2026-02-26 03:46:36.187000+00:00,VVmHNvVuwIEPGMHIjpuv
70b5ddbc-6a25-4fe0-b987-a1478fb55fe6,100,https://html-classic.itch.zone/html/16537285-1538396/index.html?v=1771980144,3,100,1.0,1,WebGLPlayer,2026-02-25 04:43:30.808000+00:00,WEBWglyX8DcA2e1vQHda
2b5f5563-355f-4ed4-be41-a21cfbb88aea,100,https://html-classic.itch.zone/html/16537285-1539301/index.html?v=1772048211,4,100,1.0,1,WebGLPlayer,2026-02-26 04:05:10.376000+00:00,WGEVzomUuQMjaeIZMU1I
7df36adf-44de-4187-9323-696cee2fb545,100,https://html-classic.itch.zone/html/16537285-1538396/index.html?v=1771980144,4,100,1.0,1,WebGLPlayer,2026-02-25 05:28:43.992000+00:00,YOOABjkfivCL0jMlCTTV
70b5ddbc-6a25-4fe0-b987-a1478fb55fe6,100,https://html-classic.itch.zone/html/16537285-1538396/index.html?v=1771980144,4,100,1.0,1,WebGLPlayer,2026-02-25 04:50:03.072000+00:00,ZPEeME17n7tezfYM6JIE
98df4f7c-2f7d-4336-8e31-98e565231e8f,100,https://html-classic.itch.zone/html/16537285-1538396/index.html?v=1771980144,3,100,1.0,1,WebGLPlayer,2026-02-25 02:37:09.005000+00:00,ZZWsnR14UjDmDUXaKBJC
10399faa-8e46-46d7-95ef-6e50cb706ee6,100,https://html-classic.itch.zone/html/16537285-1538396/index.html?v=1771980144,3,100,1.0,1,WebGLPlayer,2026-02-25 05:36:54.011000+00:00,ayEEsUyXP8ETAZ2ZvDcL
7df36adf-44de-4187-9323-696cee2fb545,100,https://html-classic.itch.zone/html/16537285-1538396/index.html?v=1771980144,6,100,1.0,1,WebGLPlayer,2026-02-25 05:32:58.186000+00:00,bRdHKFGfi12pqPoyqwMF
70b5ddbc-6a25-4fe0-b987-a1478fb55fe6,100,https://html-classic.itch.zone/html/16537285-1538396/index.html?v=1771980144,4,100,1.0,1,WebGLPlayer,2026-02-25 04:46:39.197000+00:00,cFMyvPMneo45ZhMPbmrY
98df4f7c-2f7d-4336-8e31-98e565231e8f,100,https://html-classic.itch.zone/html/16537285-1538396/index.html?v=1771980144,3,100,1.0,1,WebGLPlayer,2026-02-25 02:38:54.529000+00:00,cjH9CyjDyQ6xKzWkf2DS
d9490c57-0d14-4cf4-a6d5-6ac9f005e219,100,https://html-classic.itch.zone/html/16537285-1538396/index.html?v=1771980144,4,100,1.0,2,WebGLPlayer,2026-02-25 04:27:53.973000+00:00,cz1Zw96MwYsqal1PHDhA
5559dbb6-6a01-4a3f-bb34-05607bbc4d07,100,https://html-classic.itch.zone/html/16537285-1539301/index.html?v=1772048211,3,100,1.0,1,WebGLPlayer,2026-02-26 02:17:10.075000+00:00,dYCkqnhdze7Tr24RbKRJ
d0826227-0ba6-40a9-88b0-823d1c437007,100,https://html-classic.itch.zone/html/16537285-1539301/index.html?v=1772048211,4,100,1.0,2,WebGLPlayer,2026-02-26 00:27:56.819000+00:00,dsyRrjg0cncISG4eaxg7
fb093188-7616-4e0f-8509-4279e51245ec,100,https://html-classic.itch.zone/html/16537285-1538396/index.html?v=1771980144,3,100,1.0,1,WebGLPlayer,2026-02-25 05:38:48.847000+00:00,ezPXTSnfsOMajG22Tt0g
2b5f5563-355f-4ed4-be41-a21cfbb88aea,100,https://html-classic.itch.zone/html/16537285-1539301/index.html?v=1772048211,4,100,1.0,1,WebGLPlayer,2026-02-26 04:06:34.066000+00:00,fgskOeD9kVoY0aHmAr7J
2b5f5563-355f-4ed4-be41-a21cfbb88aea,100,https://html-classic.itch.zone/html/16537285-1539301/index.html?v=1772048211,4,100,1.0,1,WebGLPlayer,2026-02-26 03:45:48.479000+00:00,hDr9FQTskVMrYRqXFRxw
fb093188-7616-4e0f-8509-4279e51245ec,100,https://html-classic.itch.zone/html/16537285-1538396/index.html?v=1771980144,4,100,1.0,1,WebGLPlayer,2026-02-25 05:40:13.821000+00:00,haibBl7VWNfXAvJAViCJ
2b5f5563-355f-4ed4-be41-a21cfbb88aea,100,https://html-classic.itch.zone/html/16537285-1539301/index.html?v=1772048211,4,100,1.0,1,WebGLPlayer,2026-02-26 04:04:12.143000+00:00,houcFpcx0DmExvTYT7Er
98df4f7c-2f7d-4336-8e31-98e565231e8f,100,https://html-classic.itch.zone/html/16537285-1538396/index.html?v=1771980144,4,100,1.0,1,WebGLPlayer,2026-02-25 02:41:19.853000+00:00,hqzzaGcFrv1qVUupGIeP
48d112f6-a109-4804-95d5-fd9956b1ade6,100,https://html-classic.itch.zone/html/16537285-1538396/index.html?v=1771980144,4,100,1.0,1,WebGLPlayer,2026-02-25 01:52:59.394000+00:00,i2oQ6aMgWTcpd5eguCk4
98df4f7c-2f7d-4336-8e31-98e565231e8f,100,https://html-classic.itch.zone/html/16537285-1538396/index.html?v=1771980144,4,100,1.0,1,WebGLPlayer,2026-02-25 02:43:36.943000+00:00,ijblsgmWG9zCEGLqpu00
10399faa-8e46-46d7-95ef-6e50cb706ee6,100,https://html-classic.itch.zone/html/16537285-1538396/index.html?v=1771980144,5,100,1.0,1,WebGLPlayer,2026-02-25 05:50:39.398000+00:00,iq2wrfJo6rCojd76g69V
05c9809b-f15b-4a30-af0c-d20d66f6c816,100,https://html-classic.itch.zone/html/16537285-1539301/index.html?v=1772048211,3,100,1.0,1,WebGLPlayer,2026-02-26 06:50:45.124000+00:00,jhb5pdEE2Q9rsY63YnJm
2b5f5563-355f-4ed4-be41-a21cfbb88aea,100,https://html-classic.itch.zone/html/16537285-1539301/index.html?v=1772048211,4,100,1.0,1,WebGLPlayer,2026-02-26 03:59:32.605000+00:00,kDdi7pfYmg2nyGlujqjo
d9490c57-0d14-4cf4-a6d5-6ac9f005e219,100,https://html-classic.itch.zone/html/16537285-1538396/index.html?v=1771980144,4,100,1.0,2,WebGLPlayer,2026-02-25 04:21:12.864000+00:00,m3FZD0mb2gcFle5spSew
10399faa-8e46-46d7-95ef-6e50cb706ee6,100,https://html-classic.itch.zone/html/16537285-1538396/index.html?v=1771980144,4,100,1.0,1,WebGLPlayer,2026-02-25 05:43:46.686000+00:00,mdM09CJBDzi1ovj7MJkP
7df36adf-44de-4187-9323-696cee2fb545,100,https://html-classic.itch.zone/html/16537285-1538396/index.html?v=1771980144,5,100,1.0,1,WebGLPlayer,2026-02-25 05:29:52.193000+00:00,mmECyLFqARdRoy4L8Coj
12ea51bf-5b57-4891-a08f-a0a9cb036581,47,https://bmanske505.github.io/Escape-The-Forest/,4,54,1.0,1,WebGLPlayer,2026-02-26 02:13:27.476000+00:00,nA5iSAONPOQRyYnvmcRS
70b5ddbc-6a25-4fe0-b987-a1478fb55fe6,100,https://html-classic.itch.zone/html/16537285-1538396/index.html?v=1771980144,4,100,1.0,1,WebGLPlayer,2026-02-25 05:08:17.483000+00:00,nRnauHGjFBruEAxewWES
fb093188-7616-4e0f-8509-4279e51245ec,100,https://html-classic.itch.zone/html/16537285-1538396/index.html?v=1771980144,6,100,1.0,1,WebGLPlayer,2026-02-25 05:46:43.082000+00:00,nS6ztTHnHZ7BTcMaMUw3
2b5f5563-355f-4ed4-be41-a21cfbb88aea,100,https://html-classic.itch.zone/html/16537285-1539301/index.html?v=1772048211,4,100,1.0,1,WebGLPlayer,2026-02-26 03:43:56.166000+00:00,noj6BBHIguGqnfsNjiLX
fb093188-7616-4e0f-8509-4279e51245ec,100,https://html-classic.itch.zone/html/16537285-1538396/index.html?v=1771980144,6,100,1.0,1,WebGLPlayer,2026-02-25 05:45:13.572000+00:00,r2pD7azyQB9Br3EHGslB
fb093188-7616-4e0f-8509-4279e51245ec,100,https://html-classic.itch.zone/html/16537285-1538396/index.html?v=1771980144,6,100,1.0,1,WebGLPlayer,2026-02-25 05:51:35.217000+00:00,rj9pa10UBNxXf2ROkoZI
2b5f5563-355f-4ed4-be41-a21cfbb88aea,100,https://html-classic.itch.zone/html/16537285-1539301/index.html?v=1772048211,6,100,1.0,1,WebGLPlayer,2026-02-26 04:12:32.965000+00:00,tZS59fkyXzxRQAun8MwP
10399faa-8e46-46d7-95ef-6e50cb706ee6,100,https://html-classic.itch.zone/html/16537285-1538396/index.html?v=1771980144,5,100,1.0,1,WebGLPlayer,2026-02-25 05:49:43.217000+00:00,u66El66HBPgsUWUVcQZH
d9490c57-0d14-4cf4-a6d5-6ac9f005e219,100,https://html-classic.itch.zone/html/16537285-1538396/index.html?v=1771980144,4,100,1.0,2,WebGLPlayer,2026-02-25 04:45:30.022000+00:00,vLZo9m9ZQ5u3IqDXjEnH
2b5f5563-355f-4ed4-be41-a21cfbb88aea,100,https://html-classic.itch.zone/html/16537285-1539301/index.html?v=1772048211,5,100,1.0,1,WebGLPlayer,2026-02-26 04:09:42.568000+00:00,wdnR1DvBbwxdQRt8I9K2
5559dbb6-6a01-4a3f-bb34-05607bbc4d07,100,https://html-classic.itch.zone/html/16537285-1539301/index.html?v=1772048211,3,100,1.0,1,WebGLPlayer,2026-02-26 02:20:37.066000+00:00,xE2inBpE9SC8mhZhwjTv
48d112f6-a109-4804-95d5-fd9956b1ade6,100,https://html-classic.itch.zone/html/16537285-1538396/index.html?v=1771980144,4,100,1.0,1,WebGLPlayer,2026-02-25 01:54:29.426000+00:00,yICXtnOl2qtaIj7TY6qd
d9490c57-0d14-4cf4-a6d5-6ac9f005e219,100,https://html-classic.itch.zone/html/16537285-1538396/index.html?v=1771980144,4,100,1.0,2,WebGLPlayer,2026-02-25 05:06:39.671000+00:00,yZHL5XSh3RY2ToCijggl
48d112f6-a109-4804-95d5-fd9956b1ade6,100,https://html-classic.itch.zone/html/16537285-1538396/index.html?v=1771980144,3,100,1.0,1,WebGLPlayer,2026-02-25 01:48:58.772000+00:00,z4ZBD4HGO0imGAIPSZes
2b5f5563-355f-4ed4-be41-a21cfbb88aea,100,https://html-classic.itch.zone/html/16537285-1539301/index.html?v=1772048211,4,100,1.0,1,WebGLPlayer,2026-02-26 03:50:05.818000+00:00,zaGAwT8PNGGTLmjnseEE
