distance,domain,level,sensitivity_x,timestamp,platform,unix_time,sensitivity_y,playthrough,userId,version,_doc_id,music,ab_group
3.09119034,https://html-classic.itch.zone/html/16537285-1546101/index.html?v=1772508675,3,100,1772650225102,WebGLPlayer,1772650225.0,100,1,e0387235-a3d5-4ddd-8fa6-bda81981cc26,1.1,00rCTBUmsHbQXD9Bcl0H,,
10.1523046,https://html-classic.itch.zone/html/16537285-1546101/index.html?v=1772508675,3,100,1772650213625,WebGLPlayer,1772650213.0,100,1,e0387235-a3d5-4ddd-8fa6-bda81981cc26,1.1,05uLPKqDrUh50KfLtIlm,,
,https://html-classic.itch.zone/html/16537285-1539301/index.html?v=1772048211,3,100,2026-02-26 06:53:46.020000+00:00,WebGLPlayer,,100,1,05c9809b-f15b-4a30-af0c-d20d66f6c816,1.0,08nplvjAGWjeFcukLhOM,,
,https://bmanske505.github.io/Escape-The-Forest/,3,54,2026-02-26 02:11:18.387000+00:00,WebGLPlayer,,47,1,12ea51bf-5b57-4891-a08f-a0a9cb036581,1.0,0AnNpiV2OZNQoHwMSDYN,,
,https://html-classic.itch.zone/html/16537285-1556842/WebGL/index.html?v=1773204363,4,49,,WebGLPlayer,1773274971.0,46,2,ed1da240-bdee-4af5-b0aa-d97140d7d27d,1.2,0FbRUx9HvfDNgIpztz3s,0.0,0.0
,https://html-classic.itch.zone/html/16537285-1539301/index.html?v=1772048211,4,100,2026-02-26 04:06:29.901000+00:00,WebGLPlayer,,100,1,2b5f5563-355f-4ed4-be41-a21cfbb88aea,1.0,0KSIRgZ1L61OcoxgMgwe,,
,https://html-classic.itch.zone/html/16537285-1538396/index.html?v=1771980144,3,100,2026-02-25 05:37:40.246000+00:00,WebGLPlayer,,100,1,10399faa-8e46-46d7-95ef-6e50cb706ee6,1.0,0O8qqOodma6aZZWemnhZ,,
,https://html-classic.itch.zone/html/16537285-1538396/index.html?v=1771980144,6,100,2026-02-25 05:47:11.695000+00:00,WebGLPlayer,,100,1,fb093188-7616-4e0f-8509-4279e51245ec,1.0,0S4jjnV8KY4V1k7hqwFn,,
,https://html-classic.itch.zone/html/16537285-1539301/index.html?v=1772048211,4,100,2026-02-26 04:02:48.878000+00:00,WebGLPlayer,,100,1,2b5f5563-355f-4ed4-be41-a21cfbb88aea,1.0,0UxmMPdXWgEJCKi2eRSH,,
,https://html-classic.itch.zone/html/16537285-1538396/index.html?v=1771980144,3,100,2026-02-25 04:16:21.492000+00:00,WebGLPlayer,,100,2,d9490c57-0d14-4cf4-a6d5-6ac9f005e219,1.0,0XMiESIwg8X54c0CaSsb,,
,https://html-classic.itch.zone/html/16537285-1539301/index.html?v=1772048211,4,100,2026-02-26 04:07:22.738000+00:00,WebGLPlayer,,100,1,2b5f5563-355f-4ed4-be41-a21cfbb88aea,1.0,0kjtHrNadZMmkK6uzxWu,,
2.005965,https://html-classic.itch.zone/html/16537285-1546101/index.html?v=1772508675,3,100,1772672911077,WebGLPlayer,1772672911.0,100,1,42993cc6-9738-4aac-ae31-6d6f44a79105,1.1,0rSCz7bqMU14odgo8UIB,,
3.649466,https://html-classic.itch.zone/html/16537285-1546101/index.html?v=1772508675,3,100,1772673040467,WebGLPlayer,1772673040.0,100,1,42993cc6-9738-4aac-ae31-6d6f44a79105,1.1,0sPbb9r6Hl6wYannQwBH,,
,https://html-classic.itch.zone/html/16537285-1539301/index.html?v=1772048211,3,100,2026-02-26 03:37:57.745000+00:00,WebGLPlayer,,100,1,2b5f5563-355f-4ed4-be41-a21cfbb88aea,1.0,0to12SF6FSk9rYaZdDs3,,
,https://html-classic.itch.zone/html/16537285-1539301/index.html?v=1772048211,3,100,2026-02-26 06:51:38.926000+00:00,WebGLPlayer,,100,1,05c9809b-f15b-4a30-af0c-d20d66f6c816,1.0,10eyDqncr4SEjP7ptm3s,,
,https://html-classic.itch.zone/html/16537285-1556842/WebGL/index.html?v=1773204363,4,49,,WebGLPlayer,1773275022.0,46,2,ed1da240-bdee-4af5-b0aa-d97140d7d27d,1.2,12EpXjo7pSHyeErtK4fI,0.0,0.0
,https://html-classic.itch.zone/html/16537285-1539301/index.html?v=1772048211,5,100,2026-02-26 04:09:09.660000+00:00,WebGLPlayer,,100,1,2b5f5563-355f-4ed4-be41-a21cfbb88aea,1.0,1AXuRmha4IcbJO6RA4Ba,,
,https://html-classic.itch.zone/html/16537285-1539301/index.html?v=1772048211,2,100,2026-02-25 23:04:33.269000+00:00,WebGLPlayer,,100,1,d45cf436-5581-4a62-bfa6-e33dea22d1da,1.0,1Hx4sQCf0hpE6TbOT9tM,,
,https://html-classic.itch.zone/html/16537285-1556842/WebGL/index.html?v=1773204363,4,49,,WebGLPlayer,1773274990.0,46,2,ed1da240-bdee-4af5-b0aa-d97140d7d27d,1.2,1PiTzP9Hu2lkNCvO3j7w,0.0,0.0
,https://html-classic.itch.zone/html/16537285-1556842/WebGL/index.html?v=1773204363,4,49,,WebGLPlayer,1773274876.0,46,2,ed1da240-bdee-4af5-b0aa-d97140d7d27d,1.2,1UoOAUptsPaS92pwHokT,0.0,0.0
,https://html-classic.itch.zone/html/16537285-1556842/WebGL/index.html?v=1773204363,4,49,,WebGLPlayer,1773274449.0,46,2,ed1da240-bdee-4af5-b0aa-d97140d7d27d,1.2,1Vc7NrhSvyOy0aDJJuML,0.0,0.0
,https://html-classic.itch.zone/html/16537285-1539301/index.html?v=1772048211,2,100,2026-02-26 00:13:17.182000+00:00,WebGLPlayer,,100,2,d0826227-0ba6-40a9-88b0-823d1c437007,1.0,1hqCMJzq3zt7dLetdjXS,,
,https://html-classic.itch.zone/html/16537285-1539301/index.html?v=1772048211,3,100,2026-02-26 03:41:45.361000+00:00,WebGLPlayer,,100,1,2b5f5563-355f-4ed4-be41-a21cfbb88aea,1.0,1y8P0lst9RBu3fuUiTux,,
,https://html-classic.itch.zone/html/16537285-1539301/index.html?v=1772048211,3,100,2026-02-26 06:53:53.757000+00:00,WebGLPlayer,,100,1,05c9809b-f15b-4a30-af0c-d20d66f6c816,1.0,2604adLdETEH1LRfclMo,,
,https://html-classic.itch.zone/html/16537285-1539301/index.html?v=1772048211,3,100,2026-02-26 06:53:23.802000+00:00,WebGLPlayer,,100,1,05c9809b-f15b-4a30-af0c-d20d66f6c816,1.0,2CL5Taul0uACYk4tfSrJ,,
,https://html-classic.itch.zone/html/16537285-1538396/index.html?v=1771980144,5,100,2026-02-25 05:49:53.616000+00:00,WebGLPlayer,,100,1,10399faa-8e46-46d7-95ef-6e50cb706ee6,1.0,2Enf286Maw9i5zM3LAPK,,
,https://html-classic.itch.zone/html/16537285-1539301/index.html?v=1772048211,3,100,2026-02-26 06:55:29.996000+00:00,WebGLPlayer,,100,1,05c9809b-f15b-4a30-af0c-d20d66f6c816,1.0,2tD6hrpksHXLlRVhnqSH,,
,https://html-classic.itch.zone/html/16537285-1539301/index.html?v=1772048211,3,100,2026-02-26 06:49:14.839000+00:00,WebGLPlayer,,100,1,05c9809b-f15b-4a30-af0c-d20d66f6c816,1.0,2uIUzcz98dP1AU0NTZ0c,,
,https://html-classic.itch.zone/html/16537285-1538396/index.html?v=1771980144,3,100,2026-02-25 04:14:18.120000+00:00,WebGLPlayer,,100,2,d9490c57-0d14-4cf4-a6d5-6ac9f005e219,1.0,2z6ojIiRWs8RAy3avFzp,,
,https://html-classic.itch.zone/html/16537285-1539301/index.html?v=1772048211,6,100,2026-02-26 04:13:46.048000+00:00,WebGLPlayer,,100,1,2b5f5563-355f-4ed4-be41-a21cfbb88aea,1.0,2zKjUoHrIyTI70E7VVyv,,
,https://html-classic.itch.zone/html/16537285-1539301/index.html?v=1772048211,3,100,2026-02-26 02:19:50.636000+00:00,WebGLPlayer,,100,1,5559dbb6-6a01-4a3f-bb34-05607bbc4d07,1.0,36hMs3TnIpMusWFRie2F,,
,https://html-classic.itch.zone/html/16537285-1538396/index.html?v=1771980144,3,100,2026-02-25 05:38:11.045000+00:00,WebGLPlayer,,100,1,10399faa-8e46-46d7-95ef-6e50cb706ee6,1.0,3Cf8Z8Ss7Q9VvZASV2f9,,
,https://html-classic.itch.zone/html/16537285-1538396/index.html?v=1771980144,5,100,2026-02-25 05:50:18.458000+00:00,WebGLPlayer,,100,1,10399faa-8e46-46d7-95ef-6e50cb706ee6,1.0,3Fp9hwKEvWO8S6DC7DLs,,
,https://bmanske505.github.io/Escape-The-Forest/,2,54,2026-02-26 02:06:19.743000+00:00,WebGLPlayer,,47,1,12ea51bf-5b57-4891-a08f-a0a9cb036581,1.0,3f8z0HN7qNUPTvSYogDG,,
,https://html-classic.itch.zone/html/16537285-1556842/WebGL/index.html?v=1773204363,4,49,,WebGLPlayer,1773274346.0,46,2,ed1da240-bdee-4af5-b0aa-d97140d7d27d,1.2,3sF5UAKJppZdeVptgX1U,0.0,0.0
,https://html-classic.itch.zone/html/16537285-1556842/WebGL/index.html?v=1773204363,3,49,,WebGLPlayer,1773273991.0,46,2,ed1da240-bdee-4af5-b0aa-d97140d7d27d,1.2,3yEdSlLabO10kK6udhD5,0.0,0.0
,https://html-classic.itch.zone/html/16537285-1556842/WebGL/index.html?v=1773204363,4,49,,WebGLPlayer,1773274526.0,46,2,ed1da240-bdee-4af5-b0aa-d97140d7d27d,1.2,49DGwdxPyB30bYAzITG1,0.0,0.0
,https://html-classic.itch.zone/html/16537285-1539301/index.html?v=1772048211,3,100,2026-02-26 06:51:11.910000+00:00,WebGLPlayer,,100,1,05c9809b-f15b-4a30-af0c-d20d66f6c816,1.0,4Vo8vvscOZEdt7KURrik,,
,https://html-classic.itch.zone/html/16537285-1538396/index.html?v=1771980144,2,100,2026-02-25 18:40:07.289000+00:00,WebGLPlayer,,100,1,ef62f788-2864-4fa4-a004-d90d2597b88f,1.0,4YJ5dpYOKui7yedjID5s,,
,https://html-classic.itch.zone/html/16537285-1539301/index.html?v=1772048211,2,100,2026-02-26 20:47:07.811000+00:00,WebGLPlayer,,100,1,140c3497-a723-4a52-8bb9-582edf7fd8b9,1.0,52M0Oc1d0MBsJZS3SxKt,,
,https://html-classic.itch.zone/html/16537285-1539301/index.html?v=1772048211,4,100,2026-02-26 07:07:26.533000+00:00,WebGLPlayer,,100,1,05c9809b-f15b-4a30-af0c-d20d66f6c816,1.0,59KhqlWaEn7NjGUzKNie,,
,https://html-classic.itch.zone/html/16537285-1556842/WebGL/index.html?v=1773204363,4,49,,WebGLPlayer,1773274951.0,46,2,ed1da240-bdee-4af5-b0aa-d97140d7d27d,1.2,5BjjuLw0gBrlFh2Lb2cf,0.0,0.0
,https://bmanske505.github.io/Escape-The-Forest/,4,54,2026-02-26 02:13:58.917000+00:00,WebGLPlayer,,47,1,12ea51bf-5b57-4891-a08f-a0a9cb036581,1.0,5FvCWxb8WBIGevD1jzLs,,
,https://html-classic.itch.zone/html/16537285-1538396/index.html?v=1771980144,2,100,2026-02-25 19:31:26.808000+00:00,WebGLPlayer,,100,2,856eb70f-1272-4b9f-a2bd-4f8ef97c042c,1.0,5J6uH7aDIbhzgTKWurCE,,
,https://html-classic.itch.zone/html/16537285-1539301/index.html?v=1772048211,3,100,2026-02-26 06:49:32.408000+00:00,WebGLPlayer,,100,1,05c9809b-f15b-4a30-af0c-d20d66f6c816,1.0,5VQIpjXldc1A3dQuezIn,,
,https://bmanske505.github.io/Escape-The-Forest/,2,100,2026-02-28 00:17:33.642000+00:00,WebGLPlayer,,100,1,4ba415ef-8d1a-4f0c-9d99-af4c6cbb28d9,1.0,5WWXK2Naq46tu2z3Feq4,,
,https://html-classic.itch.zone/html/16537285-1539301/index.html?v=1772048211,3,100,2026-02-26 00:22:17.001000+00:00,WebGLPlayer,,100,2,d0826227-0ba6-40a9-88b0-823d1c437007,1.0,5YiEQMuCT4YPHJaIuFUd,,
,https://bmanske505.github.io/Escape-The-Forest/,2,54,2026-02-26 02:08:17.468000+00:00,WebGLPlayer,,47,1,12ea51bf-5b57-4891-a08f-a0a9cb036581,1.0,5ixJcIWYGnSkkAhqgR1B,,
,https://html-classic.itch.zone/html/16537285-1556842/WebGL/index.html?v=1773204363,4,49,,WebGLPlayer,1773275001.0,46,2,ed1da240-bdee-4af5-b0aa-d97140d7d27d,1.2,5puuh6LqAuIiBC0qa8Cy,0.0,0.0
,https://html-classic.itch.zone/html/16537285-1539301/index.html?v=1772048211,6,100,2026-02-26 04:13:20.233000+00:00,WebGLPlayer,,100,1,2b5f5563-355f-4ed4-be41-a21cfbb88aea,1.0,61oMF8EZrRSPxFvjIasx,,
,https://html-classic.itch.zone/html/16537285-1539301/index.html?v=1772048211,4,100,2026-02-26 04:03:03.484000+00:00,WebGLPlayer,,100,1,2b5f5563-355f-4ed4-be41-a21cfbb88aea,1.0,6Iko7ELFz4Mi6BvW7Y6G,,
,https://html-classic.itch.zone/html/16537285-1538396/index.html?v=1771980144,3,100,2026-02-25 01:50:03.120000+00:00,WebGLPlayer,,100,1,48d112f6-a109-4804-95d5-fd9956b1ade6,1.0,6NPQGELL6j7VDG8VYxDq,,
,https://html-classic.itch.zone/html/16537285-1539301/index.html?v=1772048211,3,100,2026-02-26 02:17:55.486000+00:00,WebGLPlayer,,100,1,5559dbb6-6a01-4a3f-bb34-05607bbc4d07,1.0,6RggbzSQvz86W2Q9tYQX,,
,https://html-classic.itch.zone/html/16537285-1538396/index.html?v=1771980144,3,100,2026-02-25 02:36:25.062000+00:00,WebGLPlayer,,100,1,98df4f7c-2f7d-4336-8e31-98e565231e8f,1.0,6flFUtXsXckHwfkQ2s5f,,
,https://html-classic.itch.zone/html/16537285-1538396/index.html?v=1771980144,6,100,2026-02-25 05:51:34.462000+00:00,WebGLPlayer,,100,1,10399faa-8e46-46d7-95ef-6e50cb706ee6,1.0,78KBMlcvGCrX0iJvuHPZ,,
,https://bmanske505.github.io/Escape-The-Forest/,2,100,2026-02-28 00:17:58.213000+00:00,WebGLPlayer,,100,1,4ba415ef-8d1a-4f0c-9d99-af4c6cbb28d9,1.0,7FEySokv4HlFyKpjNx9B,,
,https://html-classic.itch.zone/html/16537285-1539301/index.html?v=1772048211,3,100,2026-02-26 03:35:48.180000+00:00,WebGLPlayer,,100,1,2b5f5563-355f-4ed4-be41-a21cfbb88aea,1.0,7Wirk8PVl0lqbq65mnfK,,
,https://html-classic.itch.zone/html/16537285-1538396/index.html?v=1771980144,4,100,2026-02-25 05:47:18.487000+00:00,WebGLPlayer,,100,1,10399faa-8e46-46d7-95ef-6e50cb706ee6,1.0,7dT33cfpnhFZXzxmFNj2,,
,https://bmanske505.github.io/Escape-The-Forest/,2,54,2026-02-26 02:06:35.388000+00:00,WebGLPlayer,,47,1,12ea51bf-5b57-4891-a08f-a0a9cb036581,1.0,7ifZ0QGBxchw1wXRBDQq,,
,https://html-classic.itch.zone/html/16537285-1538396/index.html?v=1771980144,2,100,2026-02-25 18:35:02.724000+00:00,WebGLPlayer,,100,1,28e05da8-82dd-48f0-af05-a3e93b3b09ea,1.0,7tQBgeyJnvu7CYh1zlsj,,
,https://html-classic.itch.zone/html/16537285-1539301/index.html?v=1772048211,3,100,2026-02-26 06:55:10.712000+00:00,WebGLPlayer,,100,1,05c9809b-f15b-4a30-af0c-d20d66f6c816,1.0,81nhD2OneTC3CvPS6xh8,,
,https://html-classic.itch.zone/html/16537285-1556842/WebGL/index.html?v=1773204363,3,49,,WebGLPlayer,1773273460.0,46,2,ed1da240-bdee-4af5-b0aa-d97140d7d27d,1.2,87P8LVC1fywkjNFshFNw,0.0,0.0
,https://html-classic.itch.zone/html/16537285-1556842/WebGL/index.html?v=1773204363,4,49,,WebGLPlayer,1773274524.0,46,2,ed1da240-bdee-4af5-b0aa-d97140d7d27d,1.2,87hvQcJvq0Mzl6DnSHzY,0.0,0.0
,https://html-classic.itch.zone/html/16537285-1556842/WebGL/index.html?v=1773204363,4,49,,WebGLPlayer,1773274250.0,46,2,ed1da240-bdee-4af5-b0aa-d97140d7d27d,1.2,8BH02eevEGi6XqbxYPu4,0.0,0.0
,https://html-classic.itch.zone/html/16537285-1556842/WebGL/index.html?v=1773204363,3,49,,WebGLPlayer,1773274046.0,46,2,ed1da240-bdee-4af5-b0aa-d97140d7d27d,1.2,8DFUss0WkNAd66VACR4G,0.0,0.0
,https://html-classic.itch.zone/html/16537285-1538396/index.html?v=1771980144,6,100,2026-02-25 05:50:17.677000+00:00,WebGLPlayer,,100,1,fb093188-7616-4e0f-8509-4279e51245ec,1.0,8WXckLFMyaP4Ib8nKX7h,,
,https://html-classic.itch.zone/html/16537285-1539301/index.html?v=1772048211,2,100,2026-02-26 20:48:35.068000+00:00,WebGLPlayer,,100,1,576e8a75-8c91-465f-a6f2-5daa6f4306b0,1.0,8jwCc6exebMGSwL1X7nT,,
,https://html-classic.itch.zone/html/16537285-1538396/index.html?v=1771980144,2,100,2026-02-25 04:11:21.357000+00:00,WebGLPlayer,,100,2,d9490c57-0d14-4cf4-a6d5-6ac9f005e219,1.0,8vY2JqusXK7LyPN8t8OV,,
,https://html-classic.itch.zone/html/16537285-1556842/WebGL/index.html?v=1773204363,4,49,,WebGLPlayer,1773274502.0,46,2,ed1da240-bdee-4af5-b0aa-d97140d7d27d,1.2,8zrQApPmap8Af0tobIKy,0.0,0.0
,https://html-classic.itch.zone/html/16537285-1539301/index.html?v=1772048211,2,100,2026-02-26 20:47:04.260000+00:00,WebGLPlayer,,100,1,140c3497-a723-4a52-8bb9-582edf7fd8b9,1.0,91FJvWm0VJDjCSDXGZnQ,,
,https://html-classic.itch.zone/html/16537285-1539301/index.html?v=1772048211,5,100,2026-02-26 04:10:11.795000+00:00,WebGLPlayer,,100,1,2b5f5563-355f-4ed4-be41-a21cfbb88aea,1.0,98SdEeuLZ3y153t1ZhKO,,
,https://html-classic.itch.zone/html/16537285-1539301/index.html?v=1772048211,2,100,2026-02-25 23:04:48.005000+00:00,WebGLPlayer,,100,1,d45cf436-5581-4a62-bfa6-e33dea22d1da,1.0,9QM7uHlKsxi2yk1fTmgm,,
,https://html-classic.itch.zone/html/16537285-1538396/index.html?v=1771980144,3,100,2026-02-25 02:38:15.447000+00:00,WebGLPlayer,,100,1,98df4f7c-2f7d-4336-8e31-98e565231e8f,1.0,9Vkrt8xp8q3WHK38v6Ue,,
,https://html-classic.itch.zone/html/16537285-1538396/index.html?v=1771980144,6,100,2026-02-25 05:51:48.499000+00:00,WebGLPlayer,,100,1,10399faa-8e46-46d7-95ef-6e50cb706ee6,1.0,9XYPBdOxgPAXqNSMwa9K,,
,https://html-classic.itch.zone/html/16537285-1538396/index.html?v=1771980144,4,100,2026-02-25 05:03:08.527000+00:00,WebGLPlayer,,100,1,70b5ddbc-6a25-4fe0-b987-a1478fb55fe6,1.0,9bMHJuAp9r4FSnZypdYR,,
,https://html-classic.itch.zone/html/16537285-1538396/index.html?v=1771980144,2,100,2026-02-25 01:28:11.362000+00:00,WebGLPlayer,,100,1,c896b358-4b46-4219-9b4f-e9cd038beb70,1.0,9hCnoqTJ67J07EscDoYG,,
,https://html-classic.itch.zone/html/16537285-1539301/index.html?v=1772048211,3,100,2026-02-26 00:21:46.852000+00:00,WebGLPlayer,,100,2,d0826227-0ba6-40a9-88b0-823d1c437007,1.0,9mRLXauFCA7zG700QJdC,,
,https://html-classic.itch.zone/html/16537285-1538396/index.html?v=1771980144,2,100,2026-02-25 05:22:48.303000+00:00,WebGLPlayer,,100,1,7df36adf-44de-4187-9323-696cee2fb545,1.0,9w42xEoSPNiEPEA8wf4i,,
,https://html-classic.itch.zone/html/16537285-1539301/index.html?v=1772048211,3,100,2026-02-26 06:52:48.616000+00:00,WebGLPlayer,,100,1,05c9809b-f15b-4a30-af0c-d20d66f6c816,1.0,A339JTpRydP5tyu5xw5Z,,
,https://html-classic.itch.zone/html/16537285-1539301/index.html?v=1772048211,4,100,2026-02-26 04:06:07.402000+00:00,WebGLPlayer,,100,1,2b5f5563-355f-4ed4-be41-a21cfbb88aea,1.0,AOxvBgmFVkGbK3H67Oys,,
,https://html-classic.itch.zone/html/16537285-1538396/index.html?v=1771980144,2,100,2026-02-25 04:03:35.681000+00:00,WebGLPlayer,,100,2,d9490c57-0d14-4cf4-a6d5-6ac9f005e219,1.0,AQ7FeneadDCd06aHPEac,,
,https://html-classic.itch.zone/html/16537285-1539301/index.html?v=1772048211,5,100,2026-02-26 04:10:33.460000+00:00,WebGLPlayer,,100,1,2b5f5563-355f-4ed4-be41-a21cfbb88aea,1.0,ARMg3OtDqAUXikiVBWZN,,
,https://html-classic.itch.zone/html/16537285-1538396/index.html?v=1771980144,6,100,2026-02-25 05:47:38.774000+00:00,WebGLPlayer,,100,1,fb093188-7616-4e0f-8509-4279e51245ec,1.0,AW58K5doFsDjg95FWMlc,,
,https://html-classic.itch.zone/html/16537285-1539301/index.html?v=1772048211,3,100,2026-02-26 03:37:31.710000+00:00,WebGLPlayer,,100,1,2b5f5563-355f-4ed4-be41-a21cfbb88aea,1.0,AeRDPGPchGZ1SZ2dPtqX,,
,https://html-classic.itch.zone/html/16537285-1556842/WebGL/index.html?v=1773204363,4,49,,WebGLPlayer,1773274304.0,46,2,ed1da240-bdee-4af5-b0aa-d97140d7d27d,1.2,AhB6hMclDwLeny2HciIw,0.0,0.0
,https://html-classic.itch.zone/html/16537285-1539301/index.html?v=1772048211,3,100,2026-02-26 03:40:48.031000+00:00,WebGLPlayer,,100,1,2b5f5563-355f-4ed4-be41-a21cfbb88aea,1.0,Ahkt0avzkXtKUyl69tY8,,
,https://html-classic.itch.zone/html/16537285-1539301/index.html?v=1772048211,4,100,2026-02-26 03:46:57.975000+00:00,WebGLPlayer,,100,1,2b5f5563-355f-4ed4-be41-a21cfbb88aea,1.0,As66gGZiAO3mPgCUSmCj,,
,https://html-classic.itch.zone/html/16537285-1538396/index.html?v=1771980144,3,100,2026-02-25 02:37:56.834000+00:00,WebGLPlayer,,100,1,98df4f7c-2f7d-4336-8e31-98e565231e8f,1.0,B23jQtJlxceLkYd4WcE7,,
,https://html-classic.itch.zone/html/16537285-1538396/index.html?v=1771980144,2,100,2026-02-25 05:35:47.908000+00:00,WebGLPlayer,,100,1,10399faa-8e46-46d7-95ef-6e50cb706ee6,1.0,BCoaA3Ur9emxEcfBypT4,,
,https://html-classic.itch.zone/html/16537285-1538396/index.html?v=1771980144,3,100,2026-02-25 04:18:47.889000+00:00,WebGLPlayer,,100,2,d9490c57-0d14-4cf4-a6d5-6ac9f005e219,1.0,BXR5rkYRVhysB9QCJzqg,,
,https://html-classic.itch.zone/html/16537285-1539301/index.html?v=1772048211,2,100,2026-02-26 20:48:33.209000+00:00,WebGLPlayer,,100,1,576e8a75-8c91-465f-a6f2-5daa6f4306b0,1.0,BZd2qyWFGos5TyqfGjWd,,
,https://html-classic.itch.zone/html/16537285-1539301/index.html?v=1772048211,3,100,2026-02-26 06:53:27.683000+00:00,WebGLPlayer,,100,1,05c9809b-f15b-4a30-af0c-d20d66f6c816,1.0,Bj6uHurgkfRXWXulzCEI,,
,https://html-classic.itch.zone/html/16537285-1538396/index.html?v=1771980144,5,100,2026-02-25 05:50:31.639000+00:00,WebGLPlayer,,100,1,10399faa-8e46-46d7-95ef-6e50cb706ee6,1.0,BsOa6obPNru2hyq98WqK,,
,https://html-classic.itch.zone/html/16537285-1538396/index.html?v=1771980144,2,100,2026-02-25 04:03:37.570000+00:00,WebGLPlayer,,100,2,d9490c57-0d14-4cf4-a6d5-6ac9f005e219,1.0,ByBlcTJ5nMiPd6hwRjxu,,
,https://html-classic.itch.zone/html/16537285-1556842/WebGL/index.html?v=1773204363,4,49,,WebGLPlayer,1773275043.0,46,2,ed1da240-bdee-4af5-b0aa-d97140d7d27d,1.2,CDaAOF2MbCcSP7AlYVLl,0.0,0.0
2.51372075,https://html-classic.itch.zone/html/16537285-1546101/index.html?v=1772508675,3,100,1772672912231,WebGLPlayer,1772672912.0,100,1,42993cc6-9738-4aac-ae31-6d6f44a79105,1.1,CI7zZgViBdrBut42vqXt,,
,https://html-classic.itch.zone/html/16537285-1556842/WebGL/index.html?v=1773204363,3,49,,WebGLPlayer,1773273469.0,46,2,ed1da240-bdee-4af5-b0aa-d97140d7d27d,1.2,CSnYCiCoFCfEGFULBGBA,0.0,0.0
,https://html-classic.itch.zone/html/16537285-1539301/index.html?v=1772048211,5,100,2026-02-26 04:09:26.747000+00:00,WebGLPlayer,,100,1,2b5f5563-355f-4ed4-be41-a21cfbb88aea,1.0,CyIPBxkZ0tGiuN3uxpEY,,
,https://html-classic.itch.zone/html/16537285-1538396/index.html?v=1771980144,4,100,2026-02-25 04:50:36.491000+00:00,WebGLPlayer,,100,1,70b5ddbc-6a25-4fe0-b987-a1478fb55fe6,1.0,D0rk8IMGiInhlRvkCCVs,,
,https://html-classic.itch.zone/html/16537285-1539301/index.html?v=1772048211,4,100,2026-02-26 07:08:27.744000+00:00,WebGLPlayer,,100,1,05c9809b-f15b-4a30-af0c-d20d66f6c816,1.0,D7Hzmx1Sokl4tqmQknBi,,
,https://html-classic.itch.zone/html/16537285-1539301/index.html?v=1772048211,4,100,2026-02-26 03:59:52.423000+00:00,WebGLPlayer,,100,1,2b5f5563-355f-4ed4-be41-a21cfbb88aea,1.0,DX4Sis3Qfkecl6zPvhMG,,
,https://html-classic.itch.zone/html/16537285-1539301/index.html?v=1772048211,2,100,2026-02-26 20:48:32.942000+00:00,WebGLPlayer,,100,1,576e8a75-8c91-465f-a6f2-5daa6f4306b0,1.0,DbOV7RGAYJMro1aM8LqA,,
,https://html-classic.itch.zone/html/16537285-1539301/index.html?v=1772048211,3,100,2026-02-26 06:52:57.365000+00:00,WebGLPlayer,,100,1,05c9809b-f15b-4a30-af0c-d20d66f6c816,1.0,DjkZgLcMjTta78AdxFEx,,
,https://bmanske505.github.io/Escape-The-Forest/,3,54,2026-02-26 02:11:38.480000+00:00,WebGLPlayer,,47,1,12ea51bf-5b57-4891-a08f-a0a9cb036581,1.0,Dlx369y3C7T81axuF6Od,,
,https://html-classic.itch.zone/html/16537285-1538396/index.html?v=1771980144,2,100,2026-02-25 18:35:35.667000+00:00,WebGLPlayer,,100,1,28e05da8-82dd-48f0-af05-a3e93b3b09ea,1.0,DpvtASMQGOh3uTcHpYPY,,
,https://html-classic.itch.zone/html/16537285-1538396/index.html?v=1771980144,3,100,2026-02-25 04:16:21.415000+00:00,WebGLPlayer,,100,2,d9490c57-0d14-4cf4-a6d5-6ac9f005e219,1.0,DsZS6cNZyHCzSKvs8N9R,,
,https://html-classic.itch.zone/html/16537285-1556842/WebGL/index.html?v=1773204363,4,49,,WebGLPlayer,1773274431.0,46,2,ed1da240-bdee-4af5-b0aa-d97140d7d27d,1.2,Dsltv3cRzVSQXbaldzzX,0.0,0.0
,https://html-classic.itch.zone/html/16537285-1538396/index.html?v=1771980144,4,100,2026-02-25 05:46:44.663000+00:00,WebGLPlayer,,100,1,10399faa-8e46-46d7-95ef-6e50cb706ee6,1.0,DvzuvUIvds6Ju14tqWwh,,
,https://html-classic.itch.zone/html/16537285-1556842/WebGL/index.html?v=1773204363,4,49,,WebGLPlayer,1773274546.0,46,2,ed1da240-bdee-4af5-b0aa-d97140d7d27d,1.2,E0Q9KVgwI2rEkGoU2flh,0.0,0.0
,https://html-classic.itch.zone/html/16537285-1539301/index.html?v=1772048211,2,100,2026-02-26 20:47:07.882000+00:00,WebGLPlayer,,100,1,140c3497-a723-4a52-8bb9-582edf7fd8b9,1.0,E31mJhYPnd4Lf9bFjQPq,,
,https://html-classic.itch.zone/html/16537285-1539301/index.html?v=1772048211,3,100,2026-02-26 06:50:22.796000+00:00,WebGLPlayer,,100,1,05c9809b-f15b-4a30-af0c-d20d66f6c816,1.0,E6QPpJh9uWkc4cN8OaoU,,
,https://html-classic.itch.zone/html/16537285-1539301/index.html?v=1772048211,4,100,2026-02-26 07:07:36.009000+00:00,WebGLPlayer,,100,1,05c9809b-f15b-4a30-af0c-d20d66f6c816,1.0,E7OCBjUQZMNaTQzNvpqL,,
,https://html-classic.itch.zone/html/16537285-1538396/index.html?v=1771980144,2,100,2026-02-25 04:11:21.147000+00:00,WebGLPlayer,,100,2,d9490c57-0d14-4cf4-a6d5-6ac9f005e219,1.0,EABgY8QlP0OySWkUs8Ug,,
,https://html-classic.itch.zone/html/16537285-1538396/index.html?v=1771980144,4,100,2026-02-25 05:42:43.515000+00:00,WebGLPlayer,,100,1,10399faa-8e46-46d7-95ef-6e50cb706ee6,1.0,EBj7CMi0gQwqnt2TM7EN,,
,https://html-classic.itch.zone/html/16537285-1539301/index.html?v=1772048211,4,100,2026-02-26 02:28:34.062000+00:00,WebGLPlayer,,100,1,5559dbb6-6a01-4a3f-bb34-05607bbc4d07,1.0,EG4bJRDPa496CHere08O,,
,https://html-classic.itch.zone/html/16537285-1539301/index.html?v=1772048211,3,100,2026-02-26 06:55:10.769000+00:00,WebGLPlayer,,100,1,05c9809b-f15b-4a30-af0c-d20d66f6c816,1.0,EHgjdriqXaIhH8QU3br7,,
,https://html-classic.itch.zone/html/16537285-1538396/index.html?v=1771980144,2,100,2026-02-25 18:40:07.339000+00:00,WebGLPlayer,,100,1,ef62f788-2864-4fa4-a004-d90d2597b88f,1.0,EK8hIWlpLVgMD9JyqVAc,,
,https://html-classic.itch.zone/html/16537285-1556842/WebGL/index.html?v=1773204363,4,49,,WebGLPlayer,1773274269.0,46,2,ed1da240-bdee-4af5-b0aa-d97140d7d27d,1.2,EN2wisXIXTZ90eaibgkH,0.0,0.0
13.4560242,https://bmanske505.github.io/Escape-The-Forest/,3,100,1772574972079,WebGLPlayer,1772574972.0,100,3,4ba415ef-8d1a-4f0c-9d99-af4c6cbb28d9,1.1,ERoTv1sK7qiF8ifOJUTF,,
,https://html-classic.itch.zone/html/16537285-1556842/WebGL/index.html?v=1773204363,4,49,,WebGLPlayer,1773274264.0,46,2,ed1da240-bdee-4af5-b0aa-d97140d7d27d,1.2,Ea0jPagZ41Yxjtun5hse,0.0,0.0
,https://html-classic.itch.zone/html/16537285-1538396/index.html?v=1771980144,6,100,2026-02-25 05:53:16.644000+00:00,WebGLPlayer,,100,1,10399faa-8e46-46d7-95ef-6e50cb706ee6,1.0,EauH2KfpejJXRZ5weYTY,,
,https://html-classic.itch.zone/html/16537285-1539301/index.html?v=1772048211,3,100,2026-02-26 06:55:44.891000+00:00,WebGLPlayer,,100,1,05c9809b-f15b-4a30-af0c-d20d66f6c816,1.0,ElBBLaSKgSMH01NP7fgF,,
,https://html-classic.itch.zone/html/16537285-1539301/index.html?v=1772048211,2,100,2026-02-25 23:04:51.871000+00:00,WebGLPlayer,,100,1,d45cf436-5581-4a62-bfa6-e33dea22d1da,1.0,EvM4dZfGrPZy5hqHcpdT,,
,https://html-classic.itch.zone/html/16537285-1539301/index.html?v=1772048211,5,100,2026-02-26 04:10:06.519000+00:00,WebGLPlayer,,100,1,2b5f5563-355f-4ed4-be41-a21cfbb88aea,1.0,FAsoMDoVJgG3QiRoiX07,,
8.305927,https://html-classic.itch.zone/html/16537285-1546101/index.html?v=1772508675,3,100,1772650212173,WebGLPlayer,1772650212.0,100,1,e0387235-a3d5-4ddd-8fa6-bda81981cc26,1.1,FEUSKXUrTft4bLlCbT01,,
,https://html-classic.itch.zone/html/16537285-1539301/index.html?v=1772048211,4,100,2026-02-26 02:30:58.382000+00:00,WebGLPlayer,,100,1,5559dbb6-6a01-4a3f-bb34-05607bbc4d07,1.0,FQqY9MxceOBVjwJjb7Xa,,
,https://html-classic.itch.zone/html/16537285-1538396/index.html?v=1771980144,3,100,2026-02-25 05:37:51.855000+00:00,WebGLPlayer,,100,1,10399faa-8e46-46d7-95ef-6e50cb706ee6,1.0,FRMAVLkMZMNgoOiMbHnr,,
,https://html-classic.itch.zone/html/16537285-1539301/index.html?v=1772048211,3,100,2026-02-26 06:55:18.597000+00:00,WebGLPlayer,,100,1,05c9809b-f15b-4a30-af0c-d20d66f6c816,1.0,FjxjvY74NkpuaEZzyqDv,,
,https://html-classic.itch.zone/html/16537285-1539301/index.html?v=1772048211,3,100,2026-02-26 06:52:23.350000+00:00,WebGLPlayer,,100,1,05c9809b-f15b-4a30-af0c-d20d66f6c816,1.0,Fnq34LLpSQl30TggRpKT,,
,https://html-classic.itch.zone/html/16537285-1539301/index.html?v=1772048211,5,100,2026-02-26 04:09:52.008000+00:00,WebGLPlayer,,100,1,2b5f5563-355f-4ed4-be41-a21cfbb88aea,1.0,FsXExvs3F8OZA8czosIM,,
,https://bmanske505.github.io/Escape-The-Forest/,4,54,2026-02-26 02:16:00.118000+00:00,WebGLPlayer,,47,1,12ea51bf-5b57-4891-a08f-a0a9cb036581,1.0,FwdUWqKornM1k59tj8Zg,,
,https://html-classic.itch.zone/html/16537285-1538396/index.html?v=1771980144,4,100,2026-02-25 05:05:07.314000+00:00,WebGLPlayer,,100,1,70b5ddbc-6a25-4fe0-b987-a1478fb55fe6,1.0,FxLn2oFuMxbMdWOIQ0QT,,
,https://html-classic.itch.zone/html/16537285-1539301/index.html?v=1772048211,4,100,2026-02-26 04:06:22.212000+00:00,WebGLPlayer,,100,1,2b5f5563-355f-4ed4-be41-a21cfbb88aea,1.0,GiAbzTDLRRXNX18kXacQ,,
,https://html-classic.itch.zone/html/16537285-1538396/index.html?v=1771980144,6,100,2026-02-25 05:52:40.737000+00:00,WebGLPlayer,,100,1,10399faa-8e46-46d7-95ef-6e50cb706ee6,1.0,GsdeEx1VFvvMnrxIT3JZ,,
,https://html-classic.itch.zone/html/16537285-1539301/index.html?v=1772048211,4,100,2026-02-26 04:00:43.173000+00:00,WebGLPlayer,,100,1,2b5f5563-355f-4ed4-be41-a21cfbb88aea,1.0,GylTxuGHHwCuiFGUN8nQ,,
,https://html-classic.itch.zone/html/16537285-1556842/WebGL/index.html?v=1773204363,4,49,,WebGLPlayer,1773274891.0,46,2,ed1da240-bdee-4af5-b0aa-d97140d7d27d,1.2,H5g6DqdOmMZ7OvF2acK4,0.0,0.0
,https://html-classic.itch.zone/html/16537285-1556842/WebGL/index.html?v=1773204363,4,100,,WebGLPlayer,1773358537.0,100,1,918a5f2b-58b5-49b5-8927-3576999fb2f9,1.2,HBaRHRpHBQOb7HtePTfn,0.0,0.0
7.09134245,https://html-classic.itch.zone/html/16537285-1546101/index.html?v=1772508675,3,100,1772673034904,WebGLPlayer,1772673034.0,100,1,42993cc6-9738-4aac-ae31-6d6f44a79105,1.1,HJGRCFkggoEGowsOvpvB,,
3.649466,https://html-classic.itch.zone/html/16537285-1546101/index.html?v=1772508675,3,100,1772673040467,WebGLPlayer,1772673040.0,100,1,42993cc6-9738-4aac-ae31-6d6f44a79105,1.1,HPvWIHC4vVrlWRVu7fnE,,
,https://html-classic.itch.zone/html/16537285-1539301/index.html?v=1772048211,2,100,2026-02-26 03:33:54.435000+00:00,WebGLPlayer,,100,1,2b5f5563-355f-4ed4-be41-a21cfbb88aea,1.0,HVoY8lUUrkvKJyGnmOsG,,
,https://html-classic.itch.zone/html/16537285-1539301/index.html?v=1772048211,4,100,2026-02-26 07:08:39.659000+00:00,WebGLPlayer,,100,1,05c9809b-f15b-4a30-af0c-d20d66f6c816,1.0,I2KFfchYsc2jDouSBOaB,,
,https://html-classic.itch.zone/html/16537285-1538396/index.html?v=1771980144,6,100,2026-02-25 05:48:12.717000+00:00,WebGLPlayer,,100,1,fb093188-7616-4e0f-8509-4279e51245ec,1.0,I2nUEPtOkplQsDiMwElc,,
,https://html-classic.itch.zone/html/16537285-1556842/WebGL/index.html?v=1773204363,4,49,,WebGLPlayer,1773274455.0,46,2,ed1da240-bdee-4af5-b0aa-d97140d7d27d,1.2,I3cXkm8ESdnxL0WzmcH3,0.0,0.0
,https://html-classic.itch.zone/html/16537285-1556842/WebGL/index.html?v=1773204363,4,49,,WebGLPlayer,1773274414.0,46,2,ed1da240-bdee-4af5-b0aa-d97140d7d27d,1.2,IJAEYFO0cWVg2LYPSQJb,0.0,0.0
,https://html-classic.itch.zone/html/16537285-1539301/index.html?v=1772048211,4,100,2026-02-26 03:59:44.168000+00:00,WebGLPlayer,,100,1,2b5f5563-355f-4ed4-be41-a21cfbb88aea,1.0,IXorNOUbCxvULodvGXDv,,
,https://bmanske505.github.io/Escape-The-Forest/,4,54,2026-02-26 02:14:28.510000+00:00,WebGLPlayer,,47,1,12ea51bf-5b57-4891-a08f-a0a9cb036581,1.0,IbtRyMdP8vsqXyNSQbqG,,
,https://html-classic.itch.zone/html/16537285-1556842/WebGL/index.html?v=1773204363,4,49,,WebGLPlayer,1773274522.0,46,2,ed1da240-bdee-4af5-b0aa-d97140d7d27d,1.2,IdT083yrAqsjNc9aHIVK,0.0,0.0
,https://html-classic.itch.zone/html/16537285-1538396/index.html?v=1771980144,3,100,2026-02-25 04:18:47.967000+00:00,WebGLPlayer,,100,2,d9490c57-0d14-4cf4-a6d5-6ac9f005e219,1.0,Ig8Q762cmjSGRkgagU1E,,
,https://html-classic.itch.zone/html/16537285-1539301/index.html?v=1772048211,2,100,2026-02-25 23:04:34.680000+00:00,WebGLPlayer,,100,1,d45cf436-5581-4a62-bfa6-e33dea22d1da,1.0,IwqIHcjFm0IehJsSODqp,,
,https://bmanske505.github.io/Escape-The-Forest/,4,54,2026-02-26 02:14:34.361000+00:00,WebGLPlayer,,47,1,12ea51bf-5b57-4891-a08f-a0a9cb036581,1.0,J5ba2KAWBgZd6SGsNcli,,
,https://html-classic.itch.zone/html/16537285-1538396/index.html?v=1771980144,5,100,2026-02-25 05:50:44.383000+00:00,WebGLPlayer,,100,1,10399faa-8e46-46d7-95ef-6e50cb706ee6,1.0,JGw4VeuYMXI5VROspf93,,
,https://html-classic.itch.zone/html/16537285-1539301/index.html?v=1772048211,2,100,2026-02-26 02:14:14.431000+00:00,WebGLPlayer,,100,1,5559dbb6-6a01-4a3f-bb34-05607bbc4d07,1.0,JWBUQglURaqTrub0KViZ,,
,https://html-classic.itch.zone/html/16537285-1539301/index.html?v=1772048211,3,100,2026-02-26 00:20:26.801000+00:00,WebGLPlayer,,100,2,d0826227-0ba6-40a9-88b0-823d1c437007,1.0,JWEyfh1du3yXfsIawdGt,,
,https://bmanske505.github.io/Escape-The-Forest/,2,54,2026-02-26 02:07:45.465000+00:00,WebGLPlayer,,47,1,12ea51bf-5b57-4891-a08f-a0a9cb036581,1.0,JbwqMru11KdFlkhpiECY,,
,https://html-classic.itch.zone/html/16537285-1538396/index.html?v=1771980144,2,100,2026-02-25 18:39:56.982000+00:00,WebGLPlayer,,100,1,ef62f788-2864-4fa4-a004-d90d2597b88f,1.0,JgT1y1mlqQzf3L4zkDDj,,
,https://html-classic.itch.zone/html/16537285-1556842/WebGL/index.html?v=1773204363,4,49,,WebGLPlayer,1773274357.0,46,2,ed1da240-bdee-4af5-b0aa-d97140d7d27d,1.2,Jue85oXqIG08QzmjJKGN,0.0,0.0
,https://html-classic.itch.zone/html/16537285-1556842/WebGL/index.html?v=1773204363,4,49,,WebGLPlayer,1773275038.0,46,2,ed1da240-bdee-4af5-b0aa-d97140d7d27d,1.2,JxdaxlkPHeu8JJE1eSXI,0.0,0.0
,https://html-classic.itch.zone/html/16537285-1538396/index.html?v=1771980144,3,100,2026-02-25 01:49:29.346000+00:00,WebGLPlayer,,100,1,48d112f6-a109-4804-95d5-fd9956b1ade6,1.0,K3KUt9pyHcxog0nOe4zH,,
,https://html-classic.itch.zone/html/16537285-1539301/index.html?v=1772048211,3,100,2026-02-26 06:56:43.760000+00:00,WebGLPlayer,,100,1,05c9809b-f15b-4a30-af0c-d20d66f6c816,1.0,KXhBMTuZKSFOd5tz8CF1,,
1.58327639,https://html-classic.itch.zone/html/16537285-1546101/index.html?v=1772508675,3,100,1772672916016,WebGLPlayer,1772672916.0,100,1,42993cc6-9738-4aac-ae31-6d6f44a79105,1.1,KfD3hPfVLe4QCllNve3k,,
,https://html-classic.itch.zone/html/16537285-1538396/index.html?v=1771980144,6,100,2026-02-25 05:42:38.380000+00:00,WebGLPlayer,,100,1,fb093188-7616-4e0f-8509-4279e51245ec,1.0,KhvipPzUevBioDifLA69,,
,https://html-classic.itch.zone/html/16537285-1539301/index.html?v=1772048211,4,100,2026-02-26 07:08:33.532000+00:00,WebGLPlayer,,100,1,05c9809b-f15b-4a30-af0c-d20d66f6c816,1.0,KlezGgxDvVoDgbRRVELl,,
,https://html-classic.itch.zone/html/16537285-1538396/index.html?v=1771980144,4,100,2026-02-25 04:50:38.901000+00:00,WebGLPlayer,,100,1,70b5ddbc-6a25-4fe0-b987-a1478fb55fe6,1.0,Kw6nPGJmQs0n49jf1gFw,,
,https://html-classic.itch.zone/html/16537285-1538396/index.html?v=1771980144,2,100,2026-02-25 18:35:25.193000+00:00,WebGLPlayer,,100,1,28e05da8-82dd-48f0-af05-a3e93b3b09ea,1.0,L0p6wdE6knJD0r2u6Cdy,,
,https://html-classic.itch.zone/html/16537285-1539301/index.html?v=1772048211,4,100,2026-02-26 04:00:15.009000+00:00,WebGLPlayer,,100,1,2b5f5563-355f-4ed4-be41-a21cfbb88aea,1.0,LATImCTFsu2hWx4Ippkj,,
,https://html-classic.itch.zone/html/16537285-1556842/WebGL/index.html?v=1773204363,4,100,,WebGLPlayer,1773358701.0,100,1,918a5f2b-58b5-49b5-8927-3576999fb2f9,1.2,LTvgyrLyzxKHAdnYVR9d,0.0,0.0
,https://html-classic.itch.zone/html/16537285-1539301/index.html?v=1772048211,3,100,2026-02-26 03:42:05.737000+00:00,WebGLPlayer,,100,1,2b5f5563-355f-4ed4-be41-a21cfbb88aea,1.0,LWl3TxgmCh5fTw6jcDrq,,
,https://html-classic.itch.zone/html/16537285-1539301/index.html?v=1772048211,3,100,2026-02-26 03:42:17.730000+00:00,WebGLPlayer,,100,1,2b5f5563-355f-4ed4-be41-a21cfbb88aea,1.0,LbeLE1uhYxovaMgRzsux,,
,https://html-classic.itch.zone/html/16537285-1538396/index.html?v=1771980144,4,100,2026-02-25 05:43:22.090000+00:00,WebGLPlayer,,100,1,10399faa-8e46-46d7-95ef-6e50cb706ee6,1.0,LeYBeGUZjgVeEx6AbESf,,
,https://html-classic.itch.zone/html/16537285-1556842/WebGL/index.html?v=1773204363,3,49,,WebGLPlayer,1773274063.0,46,2,ed1da240-bdee-4af5-b0aa-d97140d7d27d,1.2,LhQJ1dS8gmcSF2N4LeXs,0.0,0.0
,https://html-classic.itch.zone/html/16537285-1556842/WebGL/index.html?v=1773204363,4,49,,WebGLPlayer,1773274274.0,46,2,ed1da240-bdee-4af5-b0aa-d97140d7d27d,1.2,LmlDgHNbrGaVFqMxm2eU,0.0,0.0
,https://html-classic.itch.zone/html/16537285-1538396/index.html?v=1771980144,6,100,2026-02-25 05:52:54.266000+00:00,WebGLPlayer,,100,1,10399faa-8e46-46d7-95ef-6e50cb706ee6,1.0,LtR5xkGdYqEHpjxdZMxo,,
,https://bmanske505.github.io/Escape-The-Forest/,4,54,2026-02-26 02:14:12.261000+00:00,WebGLPlayer,,47,1,12ea51bf-5b57-4891-a08f-a0a9cb036581,1.0,LyctmxLpqkSxMF1NdVUx,,
,https://html-classic.itch.zone/html/16537285-1538396/index.html?v=1771980144,4,100,2026-02-25 05:42:59.992000+00:00,WebGLPlayer,,100,1,10399faa-8e46-46d7-95ef-6e50cb706ee6,1.0,M511cAKLtRyo0VEOVrUG,,
,https://html-classic.itch.zone/html/16537285-1539301/index.html?v=1772048211,3,100,2026-02-26 00:20:26.939000+00:00,WebGLPlayer,,100,2,d0826227-0ba6-40a9-88b0-823d1c437007,1.0,M53qZdxpEzPbFQ1WfC6d,,
,https://html-classic.itch.zone/html/16537285-1538396/index.html?v=1771980144,2,100,2026-02-25 01:30:56.234000+00:00,WebGLPlayer,,100,1,c896b358-4b46-4219-9b4f-e9cd038beb70,1.0,MKCY0JiQo0EesPmMflmT,,
,https://html-classic.itch.zone/html/16537285-1538396/index.html?v=1771980144,2,100,2026-02-25 18:40:03.320000+00:00,WebGLPlayer,,100,1,ef62f788-2864-4fa4-a004-d90d2597b88f,1.0,MWvVHXDnCyK5nnvjMP1r,,
,https://html-classic.itch.zone/html/16537285-1556842/WebGL/index.html?v=1773204363,3,49,,WebGLPlayer,1773273978.0,46,2,ed1da240-bdee-4af5-b0aa-d97140d7d27d,1.2,Mb5N3bVc0Xd5WpWzD2Uc,0.0,0.0
,https://html-classic.itch.zone/html/16537285-1539301/index.html?v=1772048211,2,100,2026-02-26 20:48:33.161000+00:00,WebGLPlayer,,100,1,576e8a75-8c91-465f-a6f2-5daa6f4306b0,1.0,MkBZ07TlfLu6kCBcVpcm,,
,https://html-classic.itch.zone/html/16537285-1556842/WebGL/index.html?v=1773204363,4,49,,WebGLPlayer,1773274256.0,46,2,ed1da240-bdee-4af5-b0aa-d97140d7d27d,1.2,MvpCa0Qx1MggM841haCb,0.0,0.0
,https://html-classic.itch.zone/html/16537285-1538396/index.html?v=1771980144,6,100,2026-02-25 05:49:28.347000+00:00,WebGLPlayer,,100,1,fb093188-7616-4e0f-8509-4279e51245ec,1.0,N4IQyCAbVlkZq6WsX7Wx,,
,https://html-classic.itch.zone/html/16537285-1538396/index.html?v=1771980144,4,100,2026-02-25 04:47:23.731000+00:00,WebGLPlayer,,100,1,70b5ddbc-6a25-4fe0-b987-a1478fb55fe6,1.0,N5xxPv3jXCWkjA70kwPT,,
,https://html-classic.itch.zone/html/16537285-1538396/index.html?v=1771980144,4,100,2026-02-25 04:58:03.371000+00:00,WebGLPlayer,,100,1,70b5ddbc-6a25-4fe0-b987-a1478fb55fe6,1.0,N7WKClWS2NT25t2gMezg,,
,https://html-classic.itch.zone/html/16537285-1538396/index.html?v=1771980144,4,100,2026-02-25 05:42:52.371000+00:00,WebGLPlayer,,100,1,10399faa-8e46-46d7-95ef-6e50cb706ee6,1.0,N9TIPBjBTxfYZ1jLjjL8,,
,https://bmanske505.github.io/Escape-The-Forest/,3,100,2026-02-28 00:19:02.317000+00:00,WebGLPlayer,,100,1,4ba415ef-8d1a-4f0c-9d99-af4c6cbb28d9,1.0,NCImMnvYHSfjxfgv5V8e,,
,https://html-classic.itch.zone/html/16537285-1539301/index.html?v=1772048211,3,100,2026-02-26 06:52:34.683000+00:00,WebGLPlayer,,100,1,05c9809b-f15b-4a30-af0c-d20d66f6c816,1.0,NTSbfzJ71DOM2jQnYSsc,,
,https://html-classic.itch.zone/html/16537285-1539301/index.html?v=1772048211,4,100,2026-02-26 04:07:51.845000+00:00,WebGLPlayer,,100,1,2b5f5563-355f-4ed4-be41-a21cfbb88aea,1.0,Nf0TbAyhFWiggqP7cAp5,,
,https://html-classic.itch.zone/html/16537285-1538396/index.html?v=1771980144,6,100,2026-02-25 05:52:33.845000+00:00,WebGLPlayer,,100,1,10399faa-8e46-46d7-95ef-6e50cb706ee6,1.0,NfHMERIN3C1BpAvZXetj,,
,https://html-classic.itch.zone/html/16537285-1538396/index.html?v=1771980144,2,100,2026-02-25 01:46:51.201000+00:00,WebGLPlayer,,100,1,48d112f6-a109-4804-95d5-fd9956b1ade6,1.0,OKUxu7T9nHJlxBkasNf2,,
,https://html-classic.itch.zone/html/16537285-1539301/index.html?v=1772048211,4,100,2026-02-26 04:07:03.047000+00:00,WebGLPlayer,,100,1,2b5f5563-355f-4ed4-be41-a21cfbb88aea,1.0,OTkcnWQPrHitIWN6v6c2,,
,https://html-classic.itch.zone/html/16537285-1538396/index.html?v=1771980144,4,100,2026-02-25 04:32:12.590000+00:00,WebGLPlayer,,100,2,d9490c57-0d14-4cf4-a6d5-6ac9f005e219,1.0,OToRCvIbeHalaqgxw0Oq,,
,https://html-classic.itch.zone/html/16537285-1538396/index.html?v=1771980144,6,100,2026-02-25 05:53:16.578000+00:00,WebGLPlayer,,100,1,10399faa-8e46-46d7-95ef-6e50cb706ee6,1.0,OYJbyCbJtpUGyrtRJxZN,,
,https://html-classic.itch.zone/html/16537285-1556842/WebGL/index.html?v=1773204363,3,49,,WebGLPlayer,1773273985.0,46,2,ed1da240-bdee-4af5-b0aa-d97140d7d27d,1.2,OctCKsmqrUSPNAJeSgjc,0.0,0.0
,https://html-classic.itch.zone/html/16537285-1539301/index.html?v=1772048211,2,100,2026-02-25 23:04:48.137000+00:00,WebGLPlayer,,100,1,d45cf436-5581-4a62-bfa6-e33dea22d1da,1.0,OpoDHtvXM705xIgb8xyc,,
,https://html-classic.itch.zone/html/16537285-1539301/index.html?v=1772048211,2,100,2026-02-26 03:34:13.370000+00:00,WebGLPlayer,,100,1,2b5f5563-355f-4ed4-be41-a21cfbb88aea,1.0,Osmb08pN4kotx2OHTiuv,,
,https://html-classic.itch.zone/html/16537285-1538396/index.html?v=1771980144,4,100,2026-02-25 04:53:05.653000+00:00,WebGLPlayer,,100,1,70b5ddbc-6a25-4fe0-b987-a1478fb55fe6,1.0,OtNsfpWQTe1XHTZcSKBr,,
,https://html-classic.itch.zone/html/16537285-1539301/index.html?v=1772048211,5,100,2026-02-26 04:10:15.555000+00:00,WebGLPlayer,,100,1,2b5f5563-355f-4ed4-be41-a21cfbb88aea,1.0,OwPWFr9DDFmrKoWMDjkD,,
,https://html-classic.itch.zone/html/16537285-1556842/WebGL/index.html?v=1773204363,4,49,,WebGLPlayer,1773275048.0,46,2,ed1da240-bdee-4af5-b0aa-d97140d7d27d,1.2,PF2g518n1vSCzSxEv4Pe,0.0,0.0
,https://html-classic.itch.zone/html/16537285-1556842/WebGL/index.html?v=1773204363,4,49,,WebGLPlayer,1773274538.0,46,2,ed1da240-bdee-4af5-b0aa-d97140d7d27d,1.2,PLQwdojJstR9ORBkD76l,0.0,0.0
,https://html-classic.itch.zone/html/16537285-1538396/index.html?v=1771980144,2,100,2026-02-25 02:33:49.943000+00:00,WebGLPlayer,,100,1,98df4f7c-2f7d-4336-8e31-98e565231e8f,1.0,Pbb9lW8tp4Ja10xduTnB,,
7.95496035,https://html-classic.itch.zone/html/16537285-1546101/index.html?v=1772508675,3,100,1772673036148,WebGLPlayer,1772673036.0,100,1,42993cc6-9738-4aac-ae31-6d6f44a79105,1.1,PflHW8C0wYSHK1bWkBo2,,
,https://html-classic.itch.zone/html/16537285-1539301/index.html?v=1772048211,3,100,2026-02-26 06:55:36.647000+00:00,WebGLPlayer,,100,1,05c9809b-f15b-4a30-af0c-d20d66f6c816,1.0,Pl8sihSKx5zCIbpkHisl,,
,https://html-classic.itch.zone/html/16537285-1538396/index.html?v=1771980144,4,100,2026-02-25 05:45:23.039000+00:00,WebGLPlayer,,100,1,10399faa-8e46-46d7-95ef-6e50cb706ee6,1.0,Pr14INHWN6XFfFkQGHOm,,
,https://html-classic.itch.zone/html/16537285-1538396/index.html?v=1771980144,6,100,2026-02-25 05:48:01.805000+00:00,WebGLPlayer,,100,1,fb093188-7616-4e0f-8509-4279e51245ec,1.0,Q6zIhQhUT13ivWttvRUL,,
,https://bmanske505.github.io/Escape-The-Forest/,2,54,2026-02-26 02:07:21.437000+00:00,WebGLPlayer,,47,1,12ea51bf-5b57-4891-a08f-a0a9cb036581,1.0,QDTxKwRNWtcMYjWUDzfx,,
,https://html-classic.itch.zone/html/16537285-1539301/index.html?v=1772048211,2,100,2026-02-26 00:14:44.414000+00:00,WebGLPlayer,,100,2,d0826227-0ba6-40a9-88b0-823d1c437007,1.0,QDo5sSTqSXqCrMmsCVye,,
,https://html-classic.itch.zone/html/16537285-1539301/index.html?v=1772048211,5,100,2026-02-26 04:09:45.861000+00:00,WebGLPlayer,,100,1,2b5f5563-355f-4ed4-be41-a21cfbb88aea,1.0,QM1zU8mKC9bGnwvo9sO6,,
,https://html-classic.itch.zone/html/16537285-1539301/index.html?v=1772048211,3,100,2026-02-26 06:55:52.339000+00:00,WebGLPlayer,,100,1,05c9809b-f15b-4a30-af0c-d20d66f6c816,1.0,QPuGhMynGd50T2PuRYzm,,
,https://html-classic.itch.zone/html/16537285-1539301/index.html?v=1772048211,3,100,2026-02-26 06:50:49.337000+00:00,WebGLPlayer,,100,1,05c9809b-f15b-4a30-af0c-d20d66f6c816,1.0,QS8NoZlTfLB493U9ixKF,,
,https://html-classic.itch.zone/html/16537285-1539301/index.html?v=1772048211,6,100,2026-02-26 04:13:53.691000+00:00,WebGLPlayer,,100,1,2b5f5563-355f-4ed4-be41-a21cfbb88aea,1.0,Qx5EYHffvOZQ4kgO7kUb,,
,https://html-classic.itch.zone/html/16537285-1539301/index.html?v=1772048211,4,100,2026-02-26 03:58:53.350000+00:00,WebGLPlayer,,100,1,2b5f5563-355f-4ed4-be41-a21cfbb88aea,1.0,QzRYJziDpNKpmcqDt0Ms,,
,https://html-classic.itch.zone/html/16537285-1539301/index.html?v=1772048211,2,100,2026-02-25 23:04:33.200000+00:00,WebGLPlayer,,100,1,d45cf436-5581-4a62-bfa6-e33dea22d1da,1.0,R0evL63QTVzWLpnPBzBv,,
,https://html-classic.itch.zone/html/16537285-1539301/index.html?v=1772048211,2,100,2026-02-26 20:48:33.250000+00:00,WebGLPlayer,,100,1,576e8a75-8c91-465f-a6f2-5daa6f4306b0,1.0,Ras7XcW7S7V8vIFdZwbI,,
3.12234783,https://html-classic.itch.zone/html/16537285-1546101/index.html?v=1772508675,3,100,1772650222152,WebGLPlayer,1772650222.0,100,1,e0387235-a3d5-4ddd-8fa6-bda81981cc26,1.1,RkGU1UV7W6nqbRI3v71F,,
,https://html-classic.itch.zone/html/16537285-1539301/index.html?v=1772048211,5,100,2026-02-26 04:10:29.212000+00:00,WebGLPlayer,,100,1,2b5f5563-355f-4ed4-be41-a21cfbb88aea,1.0,RrjYqHTOOY0oOroSCRrY,,
,https://html-classic.itch.zone/html/16537285-1538396/index.html?v=1771980144,2,100,2026-02-25 04:38:35.627000+00:00,WebGLPlayer,,100,1,70b5ddbc-6a25-4fe0-b987-a1478fb55fe6,1.0,S3MbC9pyNvFUqk0F6sZl,,
,https://html-classic.itch.zone/html/16537285-1539301/index.html?v=1772048211,3,100,2026-02-26 03:39:05.026000+00:00,WebGLPlayer,,100,1,2b5f5563-355f-4ed4-be41-a21cfbb88aea,1.0,SEn3elcrwLWvpmZabJBd,,
8.014726,https://html-classic.itch.zone/html/16537285-1546101/index.html?v=1772508675,3,100,1772673046500,WebGLPlayer,1772673046.0,100,1,42993cc6-9738-4aac-ae31-6d6f44a79105,1.1,SHgzamWRl2jHzjCkP7SX,,
,https://html-classic.itch.zone/html/16537285-1539301/index.html?v=1772048211,3,100,2026-02-26 06:49:44.474000+00:00,WebGLPlayer,,100,1,05c9809b-f15b-4a30-af0c-d20d66f6c816,1.0,SiFqBdpVkOdgh8IGfdqe,,
,https://html-classic.itch.zone/html/16537285-1538396/index.html?v=1771980144,4,100,2026-02-25 04:52:13.695000+00:00,WebGLPlayer,,100,1,70b5ddbc-6a25-4fe0-b987-a1478fb55fe6,1.0,SirQYnPCpBDHTbKL1o1w,,
,https://html-classic.itch.zone/html/16537285-1539301/index.html?v=1772048211,3,100,2026-02-26 03:36:57.413000+00:00,WebGLPlayer,,100,1,2b5f5563-355f-4ed4-be41-a21cfbb88aea,1.0,SnNr7gn2tR99u58N7him,,
,https://html-classic.itch.zone/html/16537285-1538396/index.html?v=1771980144,4,100,2026-02-25 04:47:25.301000+00:00,WebGLPlayer,,100,1,70b5ddbc-6a25-4fe0-b987-a1478fb55fe6,1.0,SsrqFo6iwGw4ZTJCPTPp,,
12.2154922,https://html-classic.itch.zone/html/16537285-1546101/index.html?v=1772508675,4,5,1772549902431,WebGLPlayer,1772549902.0,5,1,1f510df4-b380-4bf3-9798-b3c6f23e8d37,1.1,T9QvFnvajxDWzdixr9A5,,
,https://html-classic.itch.zone/html/16537285-1538396/index.html?v=1771980144,2,100,2026-02-25 18:40:55.794000+00:00,WebGLPlayer,,100,1,ef62f788-2864-4fa4-a004-d90d2597b88f,1.0,TDdJT2SqAClAMavZtiEE,,
,https://html-classic.itch.zone/html/16537285-1538396/index.html?v=1771980144,5,100,2026-02-25 05:49:59.037000+00:00,WebGLPlayer,,100,1,10399faa-8e46-46d7-95ef-6e50cb706ee6,1.0,TKZoK2wLrBdVWKTFQTwY,,
,https://html-classic.itch.zone/html/16537285-1556842/WebGL/index.html?v=1773204363,4,49,,WebGLPlayer,1773274517.0,46,2,ed1da240-bdee-4af5-b0aa-d97140d7d27d,1.2,TSupzFR5VN1Tf3h6sbik,0.0,0.0
,https://html-classic.itch.zone/html/16537285-1538396/index.html?v=1771980144,2,100,2026-02-25 05:37:59.991000+00:00,WebGLPlayer,,100,1,fb093188-7616-4e0f-8509-4279e51245ec,1.0,TYEI6bPTDCGGAIJzU6tH,,
,https://html-classic.itch.zone/html/16537285-1539301/index.html?v=1772048211,2,100,2026-02-26 02:14:36.139000+00:00,WebGLPlayer,,100,1,5559dbb6-6a01-4a3f-bb34-05607bbc4d07,1.0,TZshzuMSlhlCWLglVmPA,,
13.7663517,https://html-classic.itch.zone/html/16537285-1546101/index.html?v=1772508675,3,8,1772511658151,WebGLPlayer,1772511658.0,7,1,de227f93-8632-4b43-89db-9eb7dfc925de,1.1,TjdamEpRuAx4vUyzk4pv,,
,https://html-classic.itch.zone/html/16537285-1556842/WebGL/index.html?v=1773204363,3,49,,WebGLPlayer,1773274050.0,46,2,ed1da240-bdee-4af5-b0aa-d97140d7d27d,1.2,TtvF9HYAeFJI46X7LWdF,0.0,0.0
,https://html-classic.itch.zone/html/16537285-1539301/index.html?v=1772048211,4,100,2026-02-26 03:59:09.812000+00:00,WebGLPlayer,,100,1,2b5f5563-355f-4ed4-be41-a21cfbb88aea,1.0,U7BwkyF1hXFEO77tIHxX,,
2.005965,https://html-classic.itch.zone/html/16537285-1546101/index.html?v=1772508675,3,100,1772672911079,WebGLPlayer,1772672911.0,100,1,42993cc6-9738-4aac-ae31-6d6f44a79105,1.1,UIS9dVPVSex70qhurK29,,
,https://html-classic.itch.zone/html/16537285-1538396/index.html?v=1771980144,2,100,2026-02-25 19:31:14.129000+00:00,WebGLPlayer,,100,2,856eb70f-1272-4b9f-a2bd-4f8ef97c042c,1.0,UOkwGTJiEdk7ikAgJ55L,,
,https://html-classic.itch.zone/html/16537285-1538396/index.html?v=1771980144,3,100,2026-02-25 05:39:03.212000+00:00,WebGLPlayer,,100,1,fb093188-7616-4e0f-8509-4279e51245ec,1.0,UhF3Hjd6vbUYvOKIaNfm,,
,https://html-classic.itch.zone/html/16537285-1539301/index.html?v=1772048211,2,100,2026-02-25 23:04:48.078000+00:00,WebGLPlayer,,100,1,d45cf436-5581-4a62-bfa6-e33dea22d1da,1.0,UwN4zFkCpgIbLRWRjr7z,,
,https://html-classic.itch.zone/html/16537285-1538396/index.html?v=1771980144,3,100,2026-02-25 04:15:43.740000+00:00,WebGLPlayer,,100,2,d9490c57-0d14-4cf4-a6d5-6ac9f005e219,1.0,UzhruA7950pF7ThKhA1j,,
,https://html-classic.itch.zone/html/16537285-1539301/index.html?v=1772048211,4,100,2026-02-26 07:07:05.202000+00:00,WebGLPlayer,,100,1,05c9809b-f15b-4a30-af0c-d20d66f6c816,1.0,VOfVIJCB4SjnZ0tjfwz3,,
,https://html-classic.itch.zone/html/16537285-1538396/index.html?v=1771980144,6,100,2026-02-25 05:52:23.833000+00:00,WebGLPlayer,,100,1,10399faa-8e46-46d7-95ef-6e50cb706ee6,1.0,VRfIh2soJCbp3uZ6fHYI,,
,https://html-classic.itch.zone/html/16537285-1539301/index.html?v=1772048211,2,100,2026-02-26 20:48:33.107000+00:00,WebGLPlayer,,100,1,576e8a75-8c91-465f-a6f2-5daa6f4306b0,1.0,VaUPfO7klnz7rC0AXBBb,,
6.30495834,https://html-classic.itch.zone/html/16537285-1546101/index.html?v=1772508675,4,5,1772549955428,WebGLPlayer,1772549955.0,5,1,1f510df4-b380-4bf3-9798-b3c6f23e8d37,1.1,WBlvrIRWWu3820FAX9R2,,
,https://bmanske505.github.io/Escape-The-Forest/,2,54,2026-02-26 02:08:20.990000+00:00,WebGLPlayer,,47,1,12ea51bf-5b57-4891-a08f-a0a9cb036581,1.0,WJa3jD4u5rHsYZX7Og64,,
,https://bmanske505.github.io/Escape-The-Forest/,3,100,2026-02-28 00:21:02.271000+00:00,WebGLPlayer,,100,1,4ba415ef-8d1a-4f0c-9d99-af4c6cbb28d9,1.0,WO9cpS5sXR6IKqSCOP5v,,
,https://html-classic.itch.zone/html/16537285-1539301/index.html?v=1772048211,2,100,2026-02-26 20:48:35.118000+00:00,WebGLPlayer,,100,1,576e8a75-8c91-465f-a6f2-5daa6f4306b0,1.0,WU61GWaaXJGEYZ4mBBya,,
,https://html-classic.itch.zone/html/16537285-1539301/index.html?v=1772048211,3,100,2026-02-26 06:54:08.974000+00:00,WebGLPlayer,,100,1,05c9809b-f15b-4a30-af0c-d20d66f6c816,1.0,WdYWHwOrEu6xiUH43OHi,,
,https://html-classic.itch.zone/html/16537285-1538396/index.html?v=1771980144,2,100,2026-02-25 01:28:15.940000+00:00,WebGLPlayer,,100,1,c896b358-4b46-4219-9b4f-e9cd038beb70,1.0,X7AplN1wV6MqrunavdnD,,
,https://html-classic.itch.zone/html/16537285-1538396/index.html?v=1771980144,3,100,2026-02-25 04:14:16.102000+00:00,WebGLPlayer,,100,2,d9490c57-0d14-4cf4-a6d5-6ac9f005e219,1.0,XEeg09i4OLgb57v1EYXN,,
,https://html-classic.itch.zone/html/16537285-1538396/index.html?v=1771980144,2,100,2026-02-25 04:36:04.090000+00:00,WebGLPlayer,,100,1,70b5ddbc-6a25-4fe0-b987-a1478fb55fe6,1.0,XI7EKFEBgqhx1hptA23a,,
,https://html-classic.itch.zone/html/16537285-1539301/index.html?v=1772048211,2,100,2026-02-26 20:47:04.322000+00:00,WebGLPlayer,,100,1,140c3497-a723-4a52-8bb9-582edf7fd8b9,1.0,XKF70FEr8uDLSacmpwp1,,
,https://html-classic.itch.zone/html/16537285-1556842/WebGL/index.html?v=1773204363,3,49,,WebGLPlayer,1773274006.0,46,2,ed1da240-bdee-4af5-b0aa-d97140d7d27d,1.2,XZLrNstEEYCJzM8YqYjl,0.0,0.0
,https://html-classic.itch.zone/html/16537285-1538396/index.html?v=1771980144,3,100,2026-02-25 05:37:34.518000+00:00,WebGLPlayer,,100,1,10399faa-8e46-46d7-95ef-6e50cb706ee6,1.0,Xiyy11o7t34sreT1Cxev,,
,https://html-classic.itch.zone/html/16537285-1538396/index.html?v=1771980144,6,100,2026-02-25 05:52:18.442000+00:00,WebGLPlayer,,100,1,10399faa-8e46-46d7-95ef-6e50cb706ee6,1.0,XxdQp89Q40QrGC7X79OM,,
,https://html-classic.itch.zone/html/16537285-1556842/WebGL/index.html?v=1773204363,4,49,,WebGLPlayer,1773274261.0,46,2,ed1da240-bdee-4af5-b0aa-d97140d7d27d,1.2,Y8uzlMoEtoFjamsNc1mU,0.0,0.0
,https://html-classic.itch.zone/html/16537285-1539301/index.html?v=1772048211,3,100,2026-02-26 06:52:44.625000+00:00,WebGLPlayer,,100,1,05c9809b-f15b-4a30-af0c-d20d66f6c816,1.0,YHIXI860oBLZMoW62srl,,
,https://html-classic.itch.zone/html/16537285-1538396/index.html?v=1771980144,3,100,2026-02-25 02:39:14.234000+00:00,WebGLPlayer,,100,1,98df4f7c-2f7d-4336-8e31-98e565231e8f,1.0,YOsAfUvdOQRK1RDiQf58,,
,https://html-classic.itch.zone/html/16537285-1538396/index.html?v=1771980144,3,100,2026-02-25 04:43:08.339000+00:00,WebGLPlayer,,100,1,70b5ddbc-6a25-4fe0-b987-a1478fb55fe6,1.0,YsbleZFwRXn1TIHpESvA,,
,https://html-classic.itch.zone/html/16537285-1539301/index.html?v=1772048211,3,100,2026-02-26 03:41:31.949000+00:00,WebGLPlayer,,100,1,2b5f5563-355f-4ed4-be41-a21cfbb88aea,1.0,Yyymr4OQUGeuzv0LBTRE,,
8.305927,https://html-classic.itch.zone/html/16537285-1546101/index.html?v=1772508675,3,100,1772650212174,WebGLPlayer,1772650212.0,100,1,e0387235-a3d5-4ddd-8fa6-bda81981cc26,1.1,ZIk9TsLbC2QjgGaaSnAf,,
,https://html-classic.itch.zone/html/16537285-1539301/index.html?v=1772048211,2,100,2026-02-26 20:48:32.994000+00:00,WebGLPlayer,,100,1,576e8a75-8c91-465f-a6f2-5daa6f4306b0,1.0,ZTAPK1Q0fjTnRbRwca1d,,
,https://html-classic.itch.zone/html/16537285-1538396/index.html?v=1771980144,6,100,2026-02-25 05:49:42.444000+00:00,WebGLPlayer,,100,1,fb093188-7616-4e0f-8509-4279e51245ec,1.0,ZTd7N4aXWsBj1CPc1V4q,,
,https://html-classic.itch.zone/html/16537285-1556842/WebGL/index.html?v=1773204363,3,49,,WebGLPlayer,1773274033.0,46,2,ed1da240-bdee-4af5-b0aa-d97140d7d27d,1.2,ZVHfolOW8Tx32XZdhffK,0.0,0.0
,https://html-classic.itch.zone/html/16537285-1539301/index.html?v=1772048211,3,100,2026-02-26 06:51:23.444000+00:00,WebGLPlayer,,100,1,05c9809b-f15b-4a30-af0c-d20d66f6c816,1.0,ZcC1DJi9Jyi5QyhAjx50,,
,https://html-classic.itch.zone/html/16537285-1539301/index.html?v=1772048211,3,100,2026-02-26 03:38:17.814000+00:00,WebGLPlayer,,100,1,2b5f5563-355f-4ed4-be41-a21cfbb88aea,1.0,ZcVHhtWOUvzzqCwr3wAx,,
,https://html-classic.itch.zone/html/16537285-1538396/index.html?v=1771980144,6,100,2026-02-25 05:50:21.844000+00:00,WebGLPlayer,,100,1,fb093188-7616-4e0f-8509-4279e51245ec,1.0,a6u8o0BPeNBJvQz3vRgP,,
,https://html-classic.itch.zone/html/16537285-1538396/index.html?v=1771980144,6,100,2026-02-25 05:51:34.404000+00:00,WebGLPlayer,,100,1,10399faa-8e46-46d7-95ef-6e50cb706ee6,1.0,a9dJbkoRg618pS5maeK8,,
,https://html-classic.itch.zone/html/16537285-1539301/index.html?v=1772048211,5,100,2026-02-26 04:08:56.109000+00:00,WebGLPlayer,,100,1,2b5f5563-355f-4ed4-be41-a21cfbb88aea,1.0,aYo3GQOeu4QrB8ZT3F6h,,
3.649466,https://html-classic.itch.zone/html/16537285-1546101/index.html?v=1772508675,3,100,1772673040467,WebGLPlayer,1772673040.0,100,1,42993cc6-9738-4aac-ae31-6d6f44a79105,1.1,ad5ElBO6g0ip2I9OdVXk,,
,https://html-classic.itch.zone/html/16537285-1538396/index.html?v=1771980144,6,100,2026-02-25 05:52:07.186000+00:00,WebGLPlayer,,100,1,10399faa-8e46-46d7-95ef-6e50cb706ee6,1.0,ayX7Gu0oPXSCBc6qVgRZ,,
,https://html-classic.itch.zone/html/16537285-1539301/index.html?v=1772048211,4,100,2026-02-26 04:06:53.646000+00:00,WebGLPlayer,,100,1,2b5f5563-355f-4ed4-be41-a21cfbb88aea,1.0,bEerbObuI3p9soEnEma3,,
,https://html-classic.itch.zone/html/16537285-1556842/WebGL/index.html?v=1773204363,4,49,,WebGLPlayer,1773274531.0,46,2,ed1da240-bdee-4af5-b0aa-d97140d7d27d,1.2,bFu3Ooz0aWFBBRd9p7l6,0.0,0.0
,https://html-classic.itch.zone/html/16537285-1538396/index.html?v=1771980144,6,100,2026-02-25 05:51:40.226000+00:00,WebGLPlayer,,100,1,10399faa-8e46-46d7-95ef-6e50cb706ee6,1.0,bOqJKi5LxU7ctlQtF3tz,,
,https://html-classic.itch.zone/html/16537285-1556842/WebGL/index.html?v=1773204363,4,100,,WebGLPlayer,1773358647.0,100,1,918a5f2b-58b5-49b5-8927-3576999fb2f9,1.2,bcdjxeSF94xBubCfMLlj,0.0,0.0
,https://html-classic.itch.zone/html/16537285-1539301/index.html?v=1772048211,3,100,2026-02-26 03:40:57.490000+00:00,WebGLPlayer,,100,1,2b5f5563-355f-4ed4-be41-a21cfbb88aea,1.0,bgSLEoPVTQtUAz9rnWCV,,
,https://html-classic.itch.zone/html/16537285-1538396/index.html?v=1771980144,2,100,2026-02-25 01:28:13.915000+00:00,WebGLPlayer,,100,1,c896b358-4b46-4219-9b4f-e9cd038beb70,1.0,bsxYHu0D9WzwvzrVkHZg,,
,https://html-classic.itch.zone/html/16537285-1539301/index.html?v=1772048211,3,100,2026-02-26 00:20:26.883000+00:00,WebGLPlayer,,100,2,d0826227-0ba6-40a9-88b0-823d1c437007,1.0,buQgFEGDN0wNQOOJJfsO,,
,https://html-classic.itch.zone/html/16537285-1538396/index.html?v=1771980144,2,100,2026-02-25 05:37:38.318000+00:00,WebGLPlayer,,100,1,fb093188-7616-4e0f-8509-4279e51245ec,1.0,byDaND2k50zI9ui0d0lb,,
,https://html-classic.itch.zone/html/16537285-1539301/index.html?v=1772048211,3,100,2026-02-26 03:38:02.214000+00:00,WebGLPlayer,,100,1,2b5f5563-355f-4ed4-be41-a21cfbb88aea,1.0,c1f3wWE7nWPnYFu10eQ9,,
,https://html-classic.itch.zone/html/16537285-1539301/index.html?v=1772048211,4,100,2026-02-26 04:07:31.020000+00:00,WebGLPlayer,,100,1,2b5f5563-355f-4ed4-be41-a21cfbb88aea,1.0,cAlKFf3EjKBCM9YaVrXm,,
,https://html-classic.itch.zone/html/16537285-1539301/index.html?v=1772048211,2,100,2026-02-26 03:33:35.906000+00:00,WebGLPlayer,,100,1,2b5f5563-355f-4ed4-be41-a21cfbb88aea,1.0,cBkKmCRxlQAcKM69X9KY,,
,https://html-classic.itch.zone/html/16537285-1539301/index.html?v=1772048211,4,100,2026-02-26 04:06:43.475000+00:00,WebGLPlayer,,100,1,2b5f5563-355f-4ed4-be41-a21cfbb88aea,1.0,cL2QhmIUoSTSooP47RJe,,
,https://html-classic.itch.zone/html/16537285-1538396/index.html?v=1771980144,2,100,2026-02-25 04:02:53.843000+00:00,WebGLPlayer,,100,2,d9490c57-0d14-4cf4-a6d5-6ac9f005e219,1.0,cSWKz3KW6oy9tXmSYWrJ,,
,https://html-classic.itch.zone/html/16537285-1538396/index.html?v=1771980144,6,100,2026-02-25 05:52:13.972000+00:00,WebGLPlayer,,100,1,10399faa-8e46-46d7-95ef-6e50cb706ee6,1.0,cVt6svlts8ABwHrwLoGl,,
,https://html-classic.itch.zone/html/16537285-1538396/index.html?v=1771980144,4,100,2026-02-25 05:43:31.777000+00:00,WebGLPlayer,,100,1,10399faa-8e46-46d7-95ef-6e50cb706ee6,1.0,cmG7fvCjoB4pHP0H0TH1,,
3.42345715,https://html-classic.itch.zone/html/16537285-1546101/index.html?v=1772508675,3,100,1772673042110,WebGLPlayer,1772673042.0,100,1,42993cc6-9738-4aac-ae31-6d6f44a79105,1.1,cs1PqPOdHO8spIeya4uS,,
,https://html-classic.itch.zone/html/16537285-1556842/WebGL/index.html?v=1773204363,4,49,,WebGLPlayer,1773274861.0,46,2,ed1da240-bdee-4af5-b0aa-d97140d7d27d,1.2,cwtkQ4RcQbTMsYM9hz0D,0.0,0.0
,https://html-classic.itch.zone/html/16537285-1539301/index.html?v=1772048211,3,100,2026-02-26 00:22:43.809000+00:00,WebGLPlayer,,100,2,d0826227-0ba6-40a9-88b0-823d1c437007,1.0,d0gs1rRAbS4kcPPGL9nZ,,
,https://html-classic.itch.zone/html/16537285-1539301/index.html?v=1772048211,3,100,2026-02-26 06:52:17.060000+00:00,WebGLPlayer,,100,1,05c9809b-f15b-4a30-af0c-d20d66f6c816,1.0,d4z2kqHbNyXju23M2lhv,,
,https://html-classic.itch.zone/html/16537285-1539301/index.html?v=1772048211,4,100,2026-02-26 03:45:09.139000+00:00,WebGLPlayer,,100,1,2b5f5563-355f-4ed4-be41-a21cfbb88aea,1.0,d5b1ENrcsqueWkfSvSNd,,
,https://html-classic.itch.zone/html/16537285-1556842/WebGL/index.html?v=1773204363,4,49,,WebGLPlayer,1773274962.0,46,2,ed1da240-bdee-4af5-b0aa-d97140d7d27d,1.2,d7LRXd0R63fwZWsKjANB,0.0,0.0
2.44411755,https://html-classic.itch.zone/html/16537285-1546101/index.html?v=1772508675,3,100,1772672965011,WebGLPlayer,1772672965.0,100,1,42993cc6-9738-4aac-ae31-6d6f44a79105,1.1,dAtsifogS6ZzQsMF37e1,,
,https://html-classic.itch.zone/html/16537285-1539301/index.html?v=1772048211,5,100,2026-02-26 04:09:59.523000+00:00,WebGLPlayer,,100,1,2b5f5563-355f-4ed4-be41-a21cfbb88aea,1.0,dH4kFWK03SwIVLnEqAHK,,
,https://html-classic.itch.zone/html/16537285-1539301/index.html?v=1772048211,4,100,2026-02-26 07:08:08.358000+00:00,WebGLPlayer,,100,1,05c9809b-f15b-4a30-af0c-d20d66f6c816,1.0,dMglpBtiaFwTuYf2ci86,,
,https://html-classic.itch.zone/html/16537285-1538396/index.html?v=1771980144,4,100,2026-02-25 05:43:10.196000+00:00,WebGLPlayer,,100,1,10399faa-8e46-46d7-95ef-6e50cb706ee6,1.0,dOHtMJZ1BT6lFJ5Aowjk,,
,https://html-classic.itch.zone/html/16537285-1539301/index.html?v=1772048211,3,100,2026-02-26 02:19:27.986000+00:00,WebGLPlayer,,100,1,5559dbb6-6a01-4a3f-bb34-05607bbc4d07,1.0,dTtdQULZm2kvqltIJIOp,,
,https://html-classic.itch.zone/html/16537285-1539301/index.html?v=1772048211,3,100,2026-02-26 02:18:16.737000+00:00,WebGLPlayer,,100,1,5559dbb6-6a01-4a3f-bb34-05607bbc4d07,1.0,dZmkQUvIWUT82BGZA3P1,,
,https://html-classic.itch.zone/html/16537285-1538396/index.html?v=1771980144,3,100,2026-02-25 05:38:48.417000+00:00,WebGLPlayer,,100,1,fb093188-7616-4e0f-8509-4279e51245ec,1.0,dhnPq7txqYRmRiqtvK8M,,
,https://bmanske505.github.io/Escape-The-Forest/,2,54,2026-02-26 02:07:35.455000+00:00,WebGLPlayer,,47,1,12ea51bf-5b57-4891-a08f-a0a9cb036581,1.0,dnspMFAVaFJ1pIvUegn8,,
,https://html-classic.itch.zone/html/16537285-1556842/WebGL/index.html?v=1773204363,4,49,,WebGLPlayer,1773275030.0,46,2,ed1da240-bdee-4af5-b0aa-d97140d7d27d,1.2,e4xxTfrXxwH5vBgs5m24,0.0,0.0
,https://html-classic.itch.zone/html/16537285-1539301/index.html?v=1772048211,3,100,2026-02-26 03:41:23.630000+00:00,WebGLPlayer,,100,1,2b5f5563-355f-4ed4-be41-a21cfbb88aea,1.0,eBUH3mr3SN4KlUkjzfZL,,
,https://html-classic.itch.zone/html/16537285-1539301/index.html?v=1772048211,4,100,2026-02-26 07:08:18.693000+00:00,WebGLPlayer,,100,1,05c9809b-f15b-4a30-af0c-d20d66f6c816,1.0,eLmizQBvjZ5WPqhcs5RS,,
,https://html-classic.itch.zone/html/16537285-1556842/WebGL/index.html?v=1773204363,4,49,,WebGLPlayer,1773274473.0,46,2,ed1da240-bdee-4af5-b0aa-d97140d7d27d,1.2,eRzYB5KXoDJbGmy9UYPq,0.0,0.0
,https://html-classic.itch.zone/html/16537285-1539301/index.html?v=1772048211,4,100,2026-02-26 07:07:51.629000+00:00,WebGLPlayer,,100,1,05c9809b-f15b-4a30-af0c-d20d66f6c816,1.0,eU9Okzei23GKMJuTE4tv,,
2.616403,https://html-classic.itch.zone/html/16537285-1546101/index.html?v=1772508675,3,100,1772672913837,WebGLPlayer,1772672913.0,100,1,42993cc6-9738-4aac-ae31-6d6f44a79105,1.1,epu3XQBW5H8lipYgm6Xo,,
,https://html-classic.itch.zone/html/16537285-1538396/index.html?v=1771980144,2,100,2026-02-25 01:46:55.051000+00:00,WebGLPlayer,,100,1,48d112f6-a109-4804-95d5-fd9956b1ade6,1.0,ewxKL5xyS6ZVh1aG4drt,,
,https://html-classic.itch.zone/html/16537285-1539301/index.html?v=1772048211,3,100,2026-02-26 03:40:35.216000+00:00,WebGLPlayer,,100,1,2b5f5563-355f-4ed4-be41-a21cfbb88aea,1.0,fdJUa4Dtm2TN1CBNgjfo,,
,https://html-classic.itch.zone/html/16537285-1538396/index.html?v=1771980144,4,100,2026-02-25 04:24:16.477000+00:00,WebGLPlayer,,100,2,d9490c57-0d14-4cf4-a6d5-6ac9f005e219,1.0,g56YlCQ8xgSQNTQg0oPL,,
,https://html-classic.itch.zone/html/16537285-1539301/index.html?v=1772048211,2,100,2026-02-26 20:48:33.042000+00:00,WebGLPlayer,,100,1,576e8a75-8c91-465f-a6f2-5daa6f4306b0,1.0,g6cYYeaAD4jpJu6uwkWU,,
10.9209194,https://html-classic.itch.zone/html/16537285-1546101/index.html?v=1772508675,3,100,1772650214848,WebGLPlayer,1772650214.0,100,1,e0387235-a3d5-4ddd-8fa6-bda81981cc26,1.1,g8yhX5UrRE07rNxxa3J5,,
,https://html-classic.itch.zone/html/16537285-1539301/index.html?v=1772048211,4,100,2026-02-26 04:07:35.221000+00:00,WebGLPlayer,,100,1,2b5f5563-355f-4ed4-be41-a21cfbb88aea,1.0,gL1n9zF3K4IZ4JAniJrl,,
,https://html-classic.itch.zone/html/16537285-1539301/index.html?v=1772048211,2,100,2026-02-26 20:48:32.733000+00:00,WebGLPlayer,,100,1,576e8a75-8c91-465f-a6f2-5daa6f4306b0,1.0,gUN75Jltnagvg9zkc3Cx,,
,https://html-classic.itch.zone/html/16537285-1539301/index.html?v=1772048211,5,100,2026-02-26 04:10:20.858000+00:00,WebGLPlayer,,100,1,2b5f5563-355f-4ed4-be41-a21cfbb88aea,1.0,gqs0FkbiIEZcmq37gOWE,,
,https://bmanske505.github.io/Escape-The-Forest/,2,100,2026-02-28 00:17:52.335000+00:00,WebGLPlayer,,100,1,4ba415ef-8d1a-4f0c-9d99-af4c6cbb28d9,1.0,grXDW26PDqks0uq4ZJ4n,,
,https://html-classic.itch.zone/html/16537285-1538396/index.html?v=1771980144,5,100,2026-02-25 05:49:46.566000+00:00,WebGLPlayer,,100,1,10399faa-8e46-46d7-95ef-6e50cb706ee6,1.0,hXk4YTyGDYsWqwtcLqO6,,
,https://html-classic.itch.zone/html/16537285-1556842/WebGL/index.html?v=1773204363,4,49,,WebGLPlayer,1773274902.0,46,2,ed1da240-bdee-4af5-b0aa-d97140d7d27d,1.2,haDI5m1uG6nEfVYLfnbL,0.0,0.0
,https://html-classic.itch.zone/html/16537285-1538396/index.html?v=1771980144,3,100,2026-02-25 04:14:16.886000+00:00,WebGLPlayer,,100,2,d9490c57-0d14-4cf4-a6d5-6ac9f005e219,1.0,hhz53iwdJIiS67PbO4Kq,,
,https://html-classic.itch.zone/html/16537285-1556842/WebGL/index.html?v=1773204363,4,49,,WebGLPlayer,1773274993.0,46,2,ed1da240-bdee-4af5-b0aa-d97140d7d27d,1.2,hoLYVpz69Q5YIvLIA0Cy,0.0,0.0
,https://html-classic.itch.zone/html/16537285-1539301/index.html?v=1772048211,3,100,2026-02-26 02:21:51.780000+00:00,WebGLPlayer,,100,1,5559dbb6-6a01-4a3f-bb34-05607bbc4d07,1.0,i1e5HpTvdQo2CxeCzNUA,,
0.8974893,https://html-classic.itch.zone/html/16537285-1546101/index.html?v=1772508675,3,100,1772672925729,WebGLPlayer,1772672925.0,100,1,42993cc6-9738-4aac-ae31-6d6f44a79105,1.1,i40a3OzKku7pLBUaWidz,,
,https://html-classic.itch.zone/html/16537285-1538396/index.html?v=1771980144,2,100,2026-02-25 18:35:04.159000+00:00,WebGLPlayer,,100,1,28e05da8-82dd-48f0-af05-a3e93b3b09ea,1.0,i5kPJT7kGH63LyaQ9prv,,
,https://html-classic.itch.zone/html/16537285-1538396/index.html?v=1771980144,2,100,2026-02-25 02:33:56.378000+00:00,WebGLPlayer,,100,1,98df4f7c-2f7d-4336-8e31-98e565231e8f,1.0,iAHjDrqGd6H8Khz66mT5,,
3.75915527,https://html-classic.itch.zone/html/16537285-1546101/index.html?v=1772508675,3,100,1772672907811,WebGLPlayer,1772672907.0,100,1,42993cc6-9738-4aac-ae31-6d6f44a79105,1.1,iQmhxypTYPrHEOXHg8vT,,
,https://html-classic.itch.zone/html/16537285-1538396/index.html?v=1771980144,2,100,2026-02-25 04:36:38.662000+00:00,WebGLPlayer,,100,1,70b5ddbc-6a25-4fe0-b987-a1478fb55fe6,1.0,iiBXFdDrLMuQhK5A5QMr,,
,https://bmanske505.github.io/Escape-The-Forest/,2,54,2026-02-26 02:06:21.696000+00:00,WebGLPlayer,,47,1,12ea51bf-5b57-4891-a08f-a0a9cb036581,1.0,ike2jjmKTqmBRgt0dWoz,,
,https://html-classic.itch.zone/html/16537285-1539301/index.html?v=1772048211,4,100,2026-02-26 04:05:16.837000+00:00,WebGLPlayer,,100,1,2b5f5563-355f-4ed4-be41-a21cfbb88aea,1.0,is0sDfwE0OXgjc5CgPcX,,
,https://html-classic.itch.zone/html/16537285-1539301/index.html?v=1772048211,3,100,2026-02-26 06:54:19.749000+00:00,WebGLPlayer,,100,1,05c9809b-f15b-4a30-af0c-d20d66f6c816,1.0,jHxqT3qaKu9c7BZQ1bC4,,
,https://bmanske505.github.io/Escape-The-Forest/,4,54,2026-02-26 02:16:34.428000+00:00,WebGLPlayer,,47,1,12ea51bf-5b57-4891-a08f-a0a9cb036581,1.0,jJPjDGpTmdg3Dm21wQJm,,
,https://html-classic.itch.zone/html/16537285-1538396/index.html?v=1771980144,4,100,2026-02-25 05:43:16.193000+00:00,WebGLPlayer,,100,1,10399faa-8e46-46d7-95ef-6e50cb706ee6,1.0,jObgi9QwOHu83xdjlQ9h,,
,https://html-classic.itch.zone/html/16537285-1539301/index.html?v=1772048211,4,100,2026-02-26 03:59:00.371000+00:00,WebGLPlayer,,100,1,2b5f5563-355f-4ed4-be41-a21cfbb88aea,1.0,jPCHIscPqXChEEZYtkEw,,
,https://html-classic.itch.zone/html/16537285-1539301/index.html?v=1772048211,3,100,2026-02-26 06:48:04.379000+00:00,WebGLPlayer,,100,1,05c9809b-f15b-4a30-af0c-d20d66f6c816,1.0,jZQGym3BGPAVBG3k1dJI,,
,https://html-classic.itch.zone/html/16537285-1538396/index.html?v=1771980144,3,100,2026-02-25 05:38:19.091000+00:00,WebGLPlayer,,100,1,10399faa-8e46-46d7-95ef-6e50cb706ee6,1.0,je7JehBjdGpEWcvZUMud,,
2.005965,https://html-classic.itch.zone/html/16537285-1546101/index.html?v=1772508675,3,100,1772672911078,WebGLPlayer,1772672911.0,100,1,42993cc6-9738-4aac-ae31-6d6f44a79105,1.1,jgwxqxgg2QsxiLsm0lWp,,
2.44411755,https://html-classic.itch.zone/html/16537285-1546101/index.html?v=1772508675,3,100,1772672965011,WebGLPlayer,1772672965.0,100,1,42993cc6-9738-4aac-ae31-6d6f44a79105,1.1,jxdahPdKMKml1XTuF9jO,,
,https://html-classic.itch.zone/html/16537285-1539301/index.html?v=1772048211,3,100,2026-02-26 06:53:04.836000+00:00,WebGLPlayer,,100,1,05c9809b-f15b-4a30-af0c-d20d66f6c816,1.0,k0DrrR3Rrg1BJin81iMj,,
,https://html-classic.itch.zone/html/16537285-1539301/index.html?v=1772048211,3,100,2026-02-26 00:22:43.756000+00:00,WebGLPlayer,,100,2,d0826227-0ba6-40a9-88b0-823d1c437007,1.0,kB1HGbThu6WKM8LEjGs0,,
12.4178057,https://html-classic.itch.zone/html/16537285-1546101/index.html?v=1772508675,3,100,1772650208610,WebGLPlayer,1772650208.0,100,1,e0387235-a3d5-4ddd-8fa6-bda81981cc26,1.1,kChx89iyhZNUHoL3Fw2N,,
2.616403,https://html-classic.itch.zone/html/16537285-1546101/index.html?v=1772508675,3,100,1772672913837,WebGLPlayer,1772672913.0,100,1,42993cc6-9738-4aac-ae31-6d6f44a79105,1.1,kLwYgPBCgB0p9BefWt6c,,
,https://html-classic.itch.zone/html/16537285-1538396/index.html?v=1771980144,2,100,2026-02-25 05:22:54.775000+00:00,WebGLPlayer,,100,1,7df36adf-44de-4187-9323-696cee2fb545,1.0,kO3zWT2uWBxk5wauKgRd,,
,https://html-classic.itch.zone/html/16537285-1538396/index.html?v=1771980144,2,100,2026-02-25 18:40:04.861000+00:00,WebGLPlayer,,100,1,ef62f788-2864-4fa4-a004-d90d2597b88f,1.0,kPmZ2zkA8YOckjWbJpZt,,
,https://bmanske505.github.io/Escape-The-Forest/,3,54,2026-02-26 02:10:33.865000+00:00,WebGLPlayer,,47,1,12ea51bf-5b57-4891-a08f-a0a9cb036581,1.0,kU9KSrIUfNyRY85baBBW,,
,https://html-classic.itch.zone/html/16537285-1538396/index.html?v=1771980144,2,100,2026-02-25 04:36:18.665000+00:00,WebGLPlayer,,100,1,70b5ddbc-6a25-4fe0-b987-a1478fb55fe6,1.0,kWHgEbdQetGrrtIXZMp1,,
,https://html-classic.itch.zone/html/16537285-1538396/index.html?v=1771980144,2,100,2026-02-25 19:31:20.332000+00:00,WebGLPlayer,,100,2,856eb70f-1272-4b9f-a2bd-4f8ef97c042c,1.0,kZcAqIp07yrb2cF4IW9y,,
,https://html-classic.itch.zone/html/16537285-1538396/index.html?v=1771980144,4,100,2026-02-25 04:19:45.036000+00:00,WebGLPlayer,,100,2,d9490c57-0d14-4cf4-a6d5-6ac9f005e219,1.0,kapBbes5U0nST9g3CJ4t,,
,https://html-classic.itch.zone/html/16537285-1538396/index.html?v=1771980144,2,100,2026-02-25 05:37:38.379000+00:00,WebGLPlayer,,100,1,fb093188-7616-4e0f-8509-4279e51245ec,1.0,klj0ovLziY3mPqLnbNXQ,,
,https://html-classic.itch.zone/html/16537285-1538396/index.html?v=1771980144,6,100,2026-02-25 05:51:30.245000+00:00,WebGLPlayer,,100,1,10399faa-8e46-46d7-95ef-6e50cb706ee6,1.0,kpHGZiyXBHrexjPYNkfk,,
,https://html-classic.itch.zone/html/16537285-1539301/index.html?v=1772048211,2,100,2026-02-26 00:13:19.169000+00:00,WebGLPlayer,,100,2,d0826227-0ba6-40a9-88b0-823d1c437007,1.0,l81aYt0tpatRH5rEJIys,,
,https://html-classic.itch.zone/html/16537285-1538396/index.html?v=1771980144,6,100,2026-02-25 05:48:29.789000+00:00,WebGLPlayer,,100,1,fb093188-7616-4e0f-8509-4279e51245ec,1.0,lCGl0r2kkLYr3cCGQjzI,,
,https://html-classic.itch.zone/html/16537285-1538396/index.html?v=1771980144,6,100,2026-02-25 05:52:28.686000+00:00,WebGLPlayer,,100,1,10399faa-8e46-46d7-95ef-6e50cb706ee6,1.0,lHb3IUbPXcMKpJbZ1sVH,,
,https://html-classic.itch.zone/html/16537285-1538396/index.html?v=1771980144,4,100,2026-02-25 05:46:58.227000+00:00,WebGLPlayer,,100,1,10399faa-8e46-46d7-95ef-6e50cb706ee6,1.0,lPyQHgRgOcgZYQKhZN9x,,
,https://html-classic.itch.zone/html/16537285-1556842/WebGL/index.html?v=1773204363,4,49,,WebGLPlayer,1773274324.0,46,2,ed1da240-bdee-4af5-b0aa-d97140d7d27d,1.2,lQu5GeHGBZdtWptmgMYA,0.0,0.0
,https://html-classic.itch.zone/html/16537285-1538396/index.html?v=1771980144,4,100,2026-02-25 05:44:16.045000+00:00,WebGLPlayer,,100,1,10399faa-8e46-46d7-95ef-6e50cb706ee6,1.0,lgJNE8CdHkGNSdFZKlGZ,,
,https://html-classic.itch.zone/html/16537285-1539301/index.html?v=1772048211,5,100,2026-02-26 04:10:36.885000+00:00,WebGLPlayer,,100,1,2b5f5563-355f-4ed4-be41-a21cfbb88aea,1.0,lmSdci5ulRFFpf0l5jss,,
,https://html-classic.itch.zone/html/16537285-1538396/index.html?v=1771980144,2,100,2026-02-25 01:30:56.289000+00:00,WebGLPlayer,,100,1,c896b358-4b46-4219-9b4f-e9cd038beb70,1.0,ltTk2lnQCmBQRz8wOlrh,,
,https://html-classic.itch.zone/html/16537285-1539301/index.html?v=1772048211,4,100,2026-02-26 03:47:06.484000+00:00,WebGLPlayer,,100,1,2b5f5563-355f-4ed4-be41-a21cfbb88aea,1.0,mHCLEcPqijydhyi5eqUY,,
,https://html-classic.itch.zone/html/16537285-1539301/index.html?v=1772048211,4,100,2026-02-26 00:25:04.146000+00:00,WebGLPlayer,,100,2,d0826227-0ba6-40a9-88b0-823d1c437007,1.0,mLeSny6dJTjep6NLqc3X,,
,https://bmanske505.github.io/Escape-The-Forest/,3,100,2026-02-28 00:20:56.963000+00:00,WebGLPlayer,,100,1,4ba415ef-8d1a-4f0c-9d99-af4c6cbb28d9,1.0,mO3dhm0mksRUnVke2TSa,,
,https://html-classic.itch.zone/html/16537285-1539301/index.html?v=1772048211,5,100,2026-02-26 04:09:55.438000+00:00,WebGLPlayer,,100,1,2b5f5563-355f-4ed4-be41-a21cfbb88aea,1.0,mR7KNKpauyZvifZhAwlu,,
,https://html-classic.itch.zone/html/16537285-1556842/WebGL/index.html?v=1773204363,4,49,,WebGLPlayer,1773274278.0,46,2,ed1da240-bdee-4af5-b0aa-d97140d7d27d,1.2,meY96vmjYAlUvW5PEd9g,0.0,0.0
,https://html-classic.itch.zone/html/16537285-1556842/WebGL/index.html?v=1773204363,4,49,,WebGLPlayer,1773274870.0,46,2,ed1da240-bdee-4af5-b0aa-d97140d7d27d,1.2,mf6XopnOQ1O2gTS6B9nB,0.0,0.0
,https://html-classic.itch.zone/html/16537285-1556842/WebGL/index.html?v=1773204363,3,100,,WebGLPlayer,1773358448.0,100,1,918a5f2b-58b5-49b5-8927-3576999fb2f9,1.2,mjoQ5ehrqBVms70JV7hL,0.0,0.0
,https://html-classic.itch.zone/html/16537285-1556842/WebGL/index.html?v=1773204363,3,49,,WebGLPlayer,1773273461.0,46,2,ed1da240-bdee-4af5-b0aa-d97140d7d27d,1.2,msWo4md0DAcfnXJgCjv2,0.0,0.0
2.55766678,https://html-classic.itch.zone/html/16537285-1546101/index.html?v=1772508675,3,8,1772511581106,WebGLPlayer,1772511581.0,7,1,de227f93-8632-4b43-89db-9eb7dfc925de,1.1,muRqg0L0h8dCTX1lvYsQ,,
,https://html-classic.itch.zone/html/16537285-1556842/WebGL/index.html?v=1773204363,4,49,,WebGLPlayer,1773274318.0,46,2,ed1da240-bdee-4af5-b0aa-d97140d7d27d,1.2,n4C6srSpNZhWr0dN7dvP,0.0,0.0
,https://html-classic.itch.zone/html/16537285-1538396/index.html?v=1771980144,3,100,2026-02-25 04:44:16.682000+00:00,WebGLPlayer,,100,1,70b5ddbc-6a25-4fe0-b987-a1478fb55fe6,1.0,nM0kFcGF4V0jqCgPqRRk,,
,https://html-classic.itch.zone/html/16537285-1539301/index.html?v=1772048211,2,100,2026-02-26 20:47:07.860000+00:00,WebGLPlayer,,100,1,140c3497-a723-4a52-8bb9-582edf7fd8b9,1.0,nXREH6HXXop6cO3cYz8w,,
,https://html-classic.itch.zone/html/16537285-1539301/index.html?v=1772048211,3,100,2026-02-26 06:53:35.283000+00:00,WebGLPlayer,,100,1,05c9809b-f15b-4a30-af0c-d20d66f6c816,1.0,nwrpzq7Uk1hY7Sr89xzo,,
,https://html-classic.itch.zone/html/16537285-1539301/index.html?v=1772048211,4,100,2026-02-26 04:07:09.888000+00:00,WebGLPlayer,,100,1,2b5f5563-355f-4ed4-be41-a21cfbb88aea,1.0,nxabO5z95HvDwD4AaaRK,,
,https://html-classic.itch.zone/html/16537285-1556842/WebGL/index.html?v=1773204363,4,49,,WebGLPlayer,1773274278.0,46,2,ed1da240-bdee-4af5-b0aa-d97140d7d27d,1.2,oI9lWmId0yMEkGWGIesi,0.0,0.0
,https://html-classic.itch.zone/html/16537285-1538396/index.html?v=1771980144,4,100,2026-02-25 04:24:16.419000+00:00,WebGLPlayer,,100,2,d9490c57-0d14-4cf4-a6d5-6ac9f005e219,1.0,oNuugyma9h9AByNOKHL1,,
,https://html-classic.itch.zone/html/16537285-1538396/index.html?v=1771980144,5,100,2026-02-25 05:49:39.635000+00:00,WebGLPlayer,,100,1,10399faa-8e46-46d7-95ef-6e50cb706ee6,1.0,obu02M7xp2rIFTVBd6Zr,,
,https://html-classic.itch.zone/html/16537285-1538396/index.html?v=1771980144,6,100,2026-02-25 05:52:46.069000+00:00,WebGLPlayer,,100,1,10399faa-8e46-46d7-95ef-6e50cb706ee6,1.0,odhcVlx1T1nZA36ioJni,,
1.65319,https://html-classic.itch.zone/html/16537285-1546101/index.html?v=1772508675,4,5,1772549931571,WebGLPlayer,1772549931.0,5,1,1f510df4-b380-4bf3-9798-b3c6f23e8d37,1.1,ogpez9xjdakJH0BAQYxm,,
,https://html-classic.itch.zone/html/16537285-1539301/index.html?v=1772048211,3,100,2026-02-26 06:53:09.331000+00:00,WebGLPlayer,,100,1,05c9809b-f15b-4a30-af0c-d20d66f6c816,1.0,ozStBG0uT2VQqTbbFSFe,,
,https://html-classic.itch.zone/html/16537285-1539301/index.html?v=1772048211,4,100,2026-02-26 04:05:36.168000+00:00,WebGLPlayer,,100,1,2b5f5563-355f-4ed4-be41-a21cfbb88aea,1.0,pRXaRI1QFa6X3pdRoiGa,,
,https://html-classic.itch.zone/html/16537285-1538396/index.html?v=1771980144,4,100,2026-02-25 05:03:04.387000+00:00,WebGLPlayer,,100,1,70b5ddbc-6a25-4fe0-b987-a1478fb55fe6,1.0,pbUrNQ2zJzmjkkGCn5H1,,
,https://html-classic.itch.zone/html/16537285-1539301/index.html?v=1772048211,3,100,2026-02-26 03:42:34.005000+00:00,WebGLPlayer,,100,1,2b5f5563-355f-4ed4-be41-a21cfbb88aea,1.0,pixI0mfXlTq5num8BIvd,,
,https://html-classic.itch.zone/html/16537285-1538396/index.html?v=1771980144,2,100,2026-02-25 01:47:29.483000+00:00,WebGLPlayer,,100,1,48d112f6-a109-4804-95d5-fd9956b1ade6,1.0,pkSZpR5pWBwMouywgsCB,,
,https://html-classic.itch.zone/html/16537285-1539301/index.html?v=1772048211,3,100,2026-02-26 00:21:46.897000+00:00,WebGLPlayer,,100,2,d0826227-0ba6-40a9-88b0-823d1c437007,1.0,pp9EiRQYxNy21TjM04lD,,
,https://html-classic.itch.zone/html/16537285-1556842/WebGL/index.html?v=1773204363,3,49,,WebGLPlayer,1773273994.0,46,2,ed1da240-bdee-4af5-b0aa-d97140d7d27d,1.2,q1fthzs72sGvNWTn43DN,0.0,0.0
,https://html-classic.itch.zone/html/16537285-1538396/index.html?v=1771980144,3,100,2026-02-25 05:37:01.152000+00:00,WebGLPlayer,,100,1,10399faa-8e46-46d7-95ef-6e50cb706ee6,1.0,q3uOcJAnaYdpCwu9mq6b,,
,https://html-classic.itch.zone/html/16537285-1538396/index.html?v=1771980144,4,100,2026-02-25 05:42:38.268000+00:00,WebGLPlayer,,100,1,10399faa-8e46-46d7-95ef-6e50cb706ee6,1.0,q4rjpOQxjnldivCoUUgP,,
,https://html-classic.itch.zone/html/16537285-1538396/index.html?v=1771980144,4,100,2026-02-25 05:45:44.181000+00:00,WebGLPlayer,,100,1,10399faa-8e46-46d7-95ef-6e50cb706ee6,1.0,qDpBnyonbZ8VT9hJn8tu,,
,https://html-classic.itch.zone/html/16537285-1539301/index.html?v=1772048211,3,100,2026-02-26 06:52:53.435000+00:00,WebGLPlayer,,100,1,05c9809b-f15b-4a30-af0c-d20d66f6c816,1.0,qEQmRp2vy0NQ4KiHWrfk,,
,https://html-classic.itch.zone/html/16537285-1538396/index.html?v=1771980144,2,100,2026-02-25 18:35:07.414000+00:00,WebGLPlayer,,100,1,28e05da8-82dd-48f0-af05-a3e93b3b09ea,1.0,qIMfQABK31EcddpBXlgi,,
,https://html-classic.itch.zone/html/16537285-1539301/index.html?v=1772048211,3,100,2026-02-26 03:36:25.763000+00:00,WebGLPlayer,,100,1,2b5f5563-355f-4ed4-be41-a21cfbb88aea,1.0,qNXg8gBoWWmXx2UOv388,,
,https://html-classic.itch.zone/html/16537285-1539301/index.html?v=1772048211,4,100,2026-02-26 04:06:58.668000+00:00,WebGLPlayer,,100,1,2b5f5563-355f-4ed4-be41-a21cfbb88aea,1.0,qakzyBQJ1wZPUGx2NBgv,,
,https://html-classic.itch.zone/html/16537285-1539301/index.html?v=1772048211,3,100,2026-02-26 06:53:17.188000+00:00,WebGLPlayer,,100,1,05c9809b-f15b-4a30-af0c-d20d66f6c816,1.0,qbCLBBFT0guVpoy96HPn,,
,https://html-classic.itch.zone/html/16537285-1539301/index.html?v=1772048211,4,100,2026-02-26 07:07:16.613000+00:00,WebGLPlayer,,100,1,05c9809b-f15b-4a30-af0c-d20d66f6c816,1.0,qfRx0ps9z3ZfZMxLIeeV,,
,https://html-classic.itch.zone/html/16537285-1556842/WebGL/index.html?v=1773204363,4,49,,WebGLPlayer,1773274550.0,46,2,ed1da240-bdee-4af5-b0aa-d97140d7d27d,1.2,qjVP43mGvPit0liZkKkA,0.0,0.0
,https://html-classic.itch.zone/html/16537285-1539301/index.html?v=1772048211,5,100,2026-02-26 04:09:36.472000+00:00,WebGLPlayer,,100,1,2b5f5563-355f-4ed4-be41-a21cfbb88aea,1.0,qzVw4tDO7xTeRObOAgUS,,
,https://html-classic.itch.zone/html/16537285-1538396/index.html?v=1771980144,6,100,2026-02-25 05:50:00.499000+00:00,WebGLPlayer,,100,1,fb093188-7616-4e0f-8509-4279e51245ec,1.0,rBi6aF49iLLEWo6iBh1w,,
,https://html-classic.itch.zone/html/16537285-1556842/WebGL/index.html?v=1773204363,4,49,,WebGLPlayer,1773274278.0,46,2,ed1da240-bdee-4af5-b0aa-d97140d7d27d,1.2,rEojXZUTlpViWWL9FCVE,0.0,0.0
,https://html-classic.itch.zone/html/16537285-1539301/index.html?v=1772048211,2,100,2026-02-26 20:48:32.782000+00:00,WebGLPlayer,,100,1,576e8a75-8c91-465f-a6f2-5daa6f4306b0,1.0,rM1UIhDBD3CDbxe5pO3P,,
,https://bmanske505.github.io/Escape-The-Forest/,3,100,2026-02-28 00:20:22.013000+00:00,WebGLPlayer,,100,1,4ba415ef-8d1a-4f0c-9d99-af4c6cbb28d9,1.0,rYd7Z4ftpMBqlwVlMHeC,,
,https://html-classic.itch.zone/html/16537285-1539301/index.html?v=1772048211,3,100,2026-02-26 03:43:00.686000+00:00,WebGLPlayer,,100,1,2b5f5563-355f-4ed4-be41-a21cfbb88aea,1.0,rdGM67FiyDGlRkzg8TLu,,
,https://html-classic.itch.zone/html/16537285-1539301/index.html?v=1772048211,2,100,2026-02-25 23:04:47.860000+00:00,WebGLPlayer,,100,1,d45cf436-5581-4a62-bfa6-e33dea22d1da,1.0,rgG3IfOqNKPwypK7Zyst,,
,https://html-classic.itch.zone/html/16537285-1556842/WebGL/index.html?v=1773204363,4,49,,WebGLPlayer,1773274556.0,46,2,ed1da240-bdee-4af5-b0aa-d97140d7d27d,1.2,rila9dUV1BrPp6OhaWW5,0.0,0.0
,https://html-classic.itch.zone/html/16537285-1538396/index.html?v=1771980144,4,100,2026-02-25 05:03:10.682000+00:00,WebGLPlayer,,100,1,70b5ddbc-6a25-4fe0-b987-a1478fb55fe6,1.0,s5XOItCbtBEOO30BVehJ,,
,https://html-classic.itch.zone/html/16537285-1538396/index.html?v=1771980144,3,100,2026-02-25 04:15:43.653000+00:00,WebGLPlayer,,100,2,d9490c57-0d14-4cf4-a6d5-6ac9f005e219,1.0,sGG1gMALnd5HUIAvXuEQ,,
,https://html-classic.itch.zone/html/16537285-1556842/WebGL/index.html?v=1773204363,4,49,,WebGLPlayer,1773274948.0,46,2,ed1da240-bdee-4af5-b0aa-d97140d7d27d,1.2,sWg8eBzSL44SNgmehGD5,0.0,0.0
,https://html-classic.itch.zone/html/16537285-1538396/index.html?v=1771980144,4,100,2026-02-25 04:32:12.534000+00:00,WebGLPlayer,,100,2,d9490c57-0d14-4cf4-a6d5-6ac9f005e219,1.0,sXWEm7pn7814Y3YrAcTM,,
,https://html-classic.itch.zone/html/16537285-1539301/index.html?v=1772048211,4,100,2026-02-26 04:02:35.296000+00:00,WebGLPlayer,,100,1,2b5f5563-355f-4ed4-be41-a21cfbb88aea,1.0,sY86653p8js2SrX3Fprg,,
,https://html-classic.itch.zone/html/16537285-1539301/index.html?v=1772048211,2,100,2026-02-26 00:14:44.343000+00:00,WebGLPlayer,,100,2,d0826227-0ba6-40a9-88b0-823d1c437007,1.0,smeBhzdLs4DVrrzcTf30,,
8.305927,https://html-classic.itch.zone/html/16537285-1546101/index.html?v=1772508675,3,100,1772650212173,WebGLPlayer,1772650212.0,100,1,e0387235-a3d5-4ddd-8fa6-bda81981cc26,1.1,sr0AK2yAzLITkoglJul0,,
,https://html-classic.itch.zone/html/16537285-1539301/index.html?v=1772048211,3,100,2026-02-26 06:52:06.359000+00:00,WebGLPlayer,,100,1,05c9809b-f15b-4a30-af0c-d20d66f6c816,1.0,t9SUnRtY3SSwtFuMldrq,,
,https://html-classic.itch.zone/html/16537285-1539301/index.html?v=1772048211,3,100,2026-02-26 02:17:27.351000+00:00,WebGLPlayer,,100,1,5559dbb6-6a01-4a3f-bb34-05607bbc4d07,1.0,tECFltOJ2tfvdmMZwd3H,,
,https://html-classic.itch.zone/html/16537285-1539301/index.html?v=1772048211,2,100,2026-02-26 00:13:19.096000+00:00,WebGLPlayer,,100,2,d0826227-0ba6-40a9-88b0-823d1c437007,1.0,td9VzDlCD4poZMxE1GVb,,
,https://html-classic.itch.zone/html/16537285-1556842/WebGL/index.html?v=1773204363,4,49,,WebGLPlayer,1773274336.0,46,2,ed1da240-bdee-4af5-b0aa-d97140d7d27d,1.2,tdmqXxn9Asudhr9W9yA6,0.0,0.0
12.2154922,https://html-classic.itch.zone/html/16537285-1546101/index.html?v=1772508675,4,5,1772549905287,WebGLPlayer,1772549905.0,5,1,1f510df4-b380-4bf3-9798-b3c6f23e8d37,1.1,txomYQylCHNRXfxYGn1m,,
,https://html-classic.itch.zone/html/16537285-1556842/WebGL/index.html?v=1773204363,4,49,,WebGLPlayer,1773274515.0,46,2,ed1da240-bdee-4af5-b0aa-d97140d7d27d,1.2,ty8jaJcx23RpUo3kVsK4,0.0,0.0
,https://html-classic.itch.zone/html/16537285-1539301/index.html?v=1772048211,6,100,2026-02-26 04:13:53.631000+00:00,WebGLPlayer,,100,1,2b5f5563-355f-4ed4-be41-a21cfbb88aea,1.0,u6Bo2zs0hww8sa0xfr49,,
,https://bmanske505.github.io/Escape-The-Forest/,3,54,2026-02-26 02:10:26.064000+00:00,WebGLPlayer,,47,1,12ea51bf-5b57-4891-a08f-a0a9cb036581,1.0,uSfY90BrLObd5s7vi7yd,,
2.005965,https://html-classic.itch.zone/html/16537285-1546101/index.html?v=1772508675,3,100,1772672911078,WebGLPlayer,1772672911.0,100,1,42993cc6-9738-4aac-ae31-6d6f44a79105,1.1,ue4HwxZRP2QGMznhz4Fp,,
,https://bmanske505.github.io/Escape-The-Forest/,3,100,2026-02-28 00:20:31.929000+00:00,WebGLPlayer,,100,1,4ba415ef-8d1a-4f0c-9d99-af4c6cbb28d9,1.0,unZaisH6EHVhSRNLSpyJ,,
,https://html-classic.itch.zone/html/16537285-1556842/WebGL/index.html?v=1773204363,3,49,,WebGLPlayer,1773273972.0,46,2,ed1da240-bdee-4af5-b0aa-d97140d7d27d,1.2,uyKHinOylAdowrSVLbnF,0.0,0.0
,https://html-classic.itch.zone/html/16537285-1556842/WebGL/index.html?v=1773204363,6,100,,WebGLPlayer,1773359005.0,100,1,918a5f2b-58b5-49b5-8927-3576999fb2f9,1.2,v17jYYG9RLIZgTZeKmlC,0.0,0.0
,https://html-classic.itch.zone/html/16537285-1538396/index.html?v=1771980144,4,100,2026-02-25 05:45:52.497000+00:00,WebGLPlayer,,100,1,10399faa-8e46-46d7-95ef-6e50cb706ee6,1.0,v9ELhrLoT9pRjFteD00D,,
,https://html-classic.itch.zone/html/16537285-1556842/WebGL/index.html?v=1773204363,3,49,,WebGLPlayer,1773274080.0,46,2,ed1da240-bdee-4af5-b0aa-d97140d7d27d,1.2,vXsiyVaAXH6cHBtSsJbc,0.0,0.0
2.2053802,https://html-classic.itch.zone/html/16537285-1546101/index.html?v=1772508675,3,8,1772511701546,WebGLPlayer,1772511701.0,7,1,de227f93-8632-4b43-89db-9eb7dfc925de,1.1,vXvOzkH9mfLvw34VuNGV,,
,https://html-classic.itch.zone/html/16537285-1539301/index.html?v=1772048211,6,100,2026-02-26 04:12:24.945000+00:00,WebGLPlayer,,100,1,2b5f5563-355f-4ed4-be41-a21cfbb88aea,1.0,vvFnV0jOglMZdrXu5OFW,,
,https://html-classic.itch.zone/html/16537285-1539301/index.html?v=1772048211,6,100,2026-02-26 04:11:38.105000+00:00,WebGLPlayer,,100,1,2b5f5563-355f-4ed4-be41-a21cfbb88aea,1.0,vzBNfIJz02XviTauNiCo,,
,https://html-classic.itch.zone/html/16537285-1556842/WebGL/index.html?v=1773204363,4,49,,WebGLPlayer,1773275033.0,46,2,ed1da240-bdee-4af5-b0aa-d97140d7d27d,1.2,w2s618kTDoAN2suRwzaU,0.0,0.0
,https://html-classic.itch.zone/html/16537285-1538396/index.html?v=1771980144,4,100,2026-02-25 05:47:10.515000+00:00,WebGLPlayer,,100,1,10399faa-8e46-46d7-95ef-6e50cb706ee6,1.0,w6JheVO8HqveNHbovStW,,
,https://html-classic.itch.zone/html/16537285-1538396/index.html?v=1771980144,5,100,2026-02-25 05:50:56.858000+00:00,WebGLPlayer,,100,1,10399faa-8e46-46d7-95ef-6e50cb706ee6,1.0,wQuMUGxYhFYil2oI2Sz1,,
,https://html-classic.itch.zone/html/16537285-1539301/index.html?v=1772048211,3,100,2026-02-26 03:38:53.259000+00:00,WebGLPlayer,,100,1,2b5f5563-355f-4ed4-be41-a21cfbb88aea,1.0,wRYd2HArnZZNiTBqzkQ1,,
,https://html-classic.itch.zone/html/16537285-1538396/index.html?v=1771980144,3,100,2026-02-25 04:15:45.712000+00:00,WebGLPlayer,,100,2,d9490c57-0d14-4cf4-a6d5-6ac9f005e219,1.0,wmkD9rCv4zGSFCDEfoPg,,
,https://html-classic.itch.zone/html/16537285-1556842/WebGL/index.html?v=1773204363,5,100,,WebGLPlayer,1773358865.0,100,1,918a5f2b-58b5-49b5-8927-3576999fb2f9,1.2,wtsvQrpsg0wRxlujYB3L,0.0,0.0
,https://bmanske505.github.io/Escape-The-Forest/,2,100,2026-02-28 00:17:45.386000+00:00,WebGLPlayer,,100,1,4ba415ef-8d1a-4f0c-9d99-af4c6cbb28d9,1.0,x4pixDtGXubmw9ZCMJgh,,
,https://html-classic.itch.zone/html/16537285-1556842/WebGL/index.html?v=1773204363,4,100,,WebGLPlayer,1773358697.0,100,1,918a5f2b-58b5-49b5-8927-3576999fb2f9,1.2,xCKFyzMUje5ZNGyQfebo,0.0,0.0
,https://html-classic.itch.zone/html/16537285-1538396/index.html?v=1771980144,4,100,2026-02-25 04:50:36.429000+00:00,WebGLPlayer,,100,1,70b5ddbc-6a25-4fe0-b987-a1478fb55fe6,1.0,xIdzy2nLJ7Uy9pxaWj7Z,,
,https://html-classic.itch.zone/html/16537285-1538396/index.html?v=1771980144,4,100,2026-02-25 05:48:15.223000+00:00,WebGLPlayer,,100,1,10399faa-8e46-46d7-95ef-6e50cb706ee6,1.0,xOGUvG5fb8xSkNvt4HWt,,
,https://html-classic.itch.zone/html/16537285-1539301/index.html?v=1772048211,4,100,2026-02-26 04:07:15.418000+00:00,WebGLPlayer,,100,1,2b5f5563-355f-4ed4-be41-a21cfbb88aea,1.0,xVjw6dE6OpWCYJvSVmUm,,
,https://html-classic.itch.zone/html/16537285-1556842/WebGL/index.html?v=1773204363,4,49,,WebGLPlayer,1773274518.0,46,2,ed1da240-bdee-4af5-b0aa-d97140d7d27d,1.2,xVlfiQvkXYSZzDYw3qNM,0.0,0.0
,https://html-classic.itch.zone/html/16537285-1539301/index.html?v=1772048211,2,100,2026-02-26 00:14:06.257000+00:00,WebGLPlayer,,100,2,d0826227-0ba6-40a9-88b0-823d1c437007,1.0,xYwt4r8UKNER4swCGdfz,,
8.928212,https://html-classic.itch.zone/html/16537285-1546101/index.html?v=1772508675,3,100,1772650216465,WebGLPlayer,1772650216.0,100,1,e0387235-a3d5-4ddd-8fa6-bda81981cc26,1.1,xeToLuwSRiwtaFadhs7p,,
,https://html-classic.itch.zone/html/16537285-1539301/index.html?v=1772048211,3,100,2026-02-26 00:21:46.797000+00:00,WebGLPlayer,,100,2,d0826227-0ba6-40a9-88b0-823d1c437007,1.0,xeaHtj4WLgyLYc7or7zp,,
,https://html-classic.itch.zone/html/16537285-1539301/index.html?v=1772048211,2,100,2026-02-26 00:14:06.337000+00:00,WebGLPlayer,,100,2,d0826227-0ba6-40a9-88b0-823d1c437007,1.0,xiT4JXEshfWHSeORz1tB,,
,https://bmanske505.github.io/Escape-The-Forest/,2,54,2026-02-26 02:06:51.808000+00:00,WebGLPlayer,,47,1,12ea51bf-5b57-4891-a08f-a0a9cb036581,1.0,xmwR2baq6XWAbfUpOgjZ,,
,https://html-classic.itch.zone/html/16537285-1539301/index.html?v=1772048211,3,100,2026-02-26 03:38:58.404000+00:00,WebGLPlayer,,100,1,2b5f5563-355f-4ed4-be41-a21cfbb88aea,1.0,xuCNo6LBlD9BFWQHvBnG,,
,https://bmanske505.github.io/Escape-The-Forest/,4,54,2026-02-26 02:12:53.676000+00:00,WebGLPlayer,,47,1,12ea51bf-5b57-4891-a08f-a0a9cb036581,1.0,y8Qa53VHa5kraPguK2cL,,
,https://html-classic.itch.zone/html/16537285-1539301/index.html?v=1772048211,3,100,2026-02-26 02:20:23.201000+00:00,WebGLPlayer,,100,1,5559dbb6-6a01-4a3f-bb34-05607bbc4d07,1.0,yL6aw2rz1jTISWMigivX,,
,https://html-classic.itch.zone/html/16537285-1539301/index.html?v=1772048211,3,100,2026-02-26 06:52:28.433000+00:00,WebGLPlayer,,100,1,05c9809b-f15b-4a30-af0c-d20d66f6c816,1.0,yU7kYRnHpQX4lQab5gv7,,
,https://html-classic.itch.zone/html/16537285-1539301/index.html?v=1772048211,3,100,2026-02-26 06:51:31.374000+00:00,WebGLPlayer,,100,1,05c9809b-f15b-4a30-af0c-d20d66f6c816,1.0,yu3LpEa6ZQ4ytYm8UtO8,,
,https://html-classic.itch.zone/html/16537285-1556842/WebGL/index.html?v=1773204363,5,100,,WebGLPlayer,1773358860.0,100,1,918a5f2b-58b5-49b5-8927-3576999fb2f9,1.2,z8WtsWwdgl1vRjl1MklA,0.0,0.0
,https://html-classic.itch.zone/html/16537285-1538396/index.html?v=1771980144,3,100,2026-02-25 05:36:47.076000+00:00,WebGLPlayer,,100,1,10399faa-8e46-46d7-95ef-6e50cb706ee6,1.0,zJR0J21H0l8sLIl3KhHs,,
,https://bmanske505.github.io/Escape-The-Forest/,2,100,2026-02-28 00:17:39.180000+00:00,WebGLPlayer,,100,1,4ba415ef-8d1a-4f0c-9d99-af4c6cbb28d9,1.0,zrdI64KVFl64X4wsS1I7,,
,https://html-classic.itch.zone/html/16537285-1556842/WebGL/index.html?v=1773204363,4,49,,WebGLPlayer,1773274881.0,46,2,ed1da240-bdee-4af5-b0aa-d97140d7d27d,1.2,zuvwlQ8M36JPUbT5dYNY,0.0,0.0
