platform,userId,playthrough,level,sensitivity_x,ab_group,version,music,sensitivity_y,domain,unix_time,_doc_id,timestamp,type
WebGLPlayer,6890b777-81da-4a16-bd22-e1463f6d3701,3,3,7,1.0,1.2,0.0,9,https://html-classic.itch.zone/html/16537285-1556842/WebGL/index.html?v=1773204363,1773513875.0,09zLEr9zO2LpcP81jsef,,
WebGLPlayer,ca2cf188-edc4-488c-8bd4-2d6abc9c7df5,1,1,100,,1.1,,100,https://html-classic.itch.zone/html/16537285-1546101/index.html?v=1772508675,1772580753.0,0BfUgXXGBsx3qrRHWZ9h,1772580753579,Dog
WebGLPlayer,6890b777-81da-4a16-bd22-e1463f6d3701,2,1,4,1.0,1.2,0.0,5,https://html-classic.itch.zone/html/16537285-1556842/WebGL/index.html?v=1773204363,1773264207.0,0EbnE6DgIOClbEa5hrU7,,
WebGLPlayer,e0387235-a3d5-4ddd-8fa6-bda81981cc26,1,1,100,,1.1,,100,https://html-classic.itch.zone/html/16537285-1546101/index.html?v=1772508675,1772649736.0,0SCWOKayheaDpc9x26O3,1772649736009,Dog
WebGLPlayer,2d5ef946-9e9a-4018-b0d8-4d3f20014078,1,1,100,,1.1,,100,https://html-classic.itch.zone/html/16537285-1546101/index.html?v=1772508675,1772571900.0,0g9nUUZNxxdL6TqA2Gfp,1772571900174,Dog
WebGLPlayer,05c9809b-f15b-4a30-af0c-d20d66f6c816,1,4,100,,1.0,,100,https://html-classic.itch.zone/html/16537285-1539301/index.html?v=1772048211,,10Uvynj7hlhhHnnStEN6,2026-02-26 07:01:02.142000+00:00,
WebGLPlayer,fb093188-7616-4e0f-8509-4279e51245ec,1,6,100,,1.0,,100,https://html-classic.itch.zone/html/16537285-1538396/index.html?v=1771980144,,17TrCTVi45Yf4hFaeAVm,2026-02-25 05:49:23.691000+00:00,
WebGLPlayer,de227f93-8632-4b43-89db-9eb7dfc925de,1,3,8,,1.1,,7,https://html-classic.itch.zone/html/16537285-1546101/index.html?v=1772508675,1772511550.0,19GkdqsBhwbOrrezyX0J,1772511550303,Dog
WebGLPlayer,05c9809b-f15b-4a30-af0c-d20d66f6c816,1,4,100,,1.0,,100,https://html-classic.itch.zone/html/16537285-1539301/index.html?v=1772048211,,1U1jXho9PPU2ebqMN4YG,2026-02-26 07:10:18.618000+00:00,
WebGLPlayer,c727dee3-8d07-4537-b118-906a91092bef,2,1,6,,1.1,,8,https://html-classic.itch.zone/html/16537285-1546101/index.html?v=1772508675,1772587418.0,1VweO0WJwfshMkcWSErS,1772587418155,Dog
WebGLPlayer,e0387235-a3d5-4ddd-8fa6-bda81981cc26,1,1,100,,1.1,,100,https://html-classic.itch.zone/html/16537285-1546101/index.html?v=1772508675,1772649813.0,1mEbc1pWKOkvdnwNhyGM,1772649813136,Dog
WebGLPlayer,70b5ddbc-6a25-4fe0-b987-a1478fb55fe6,1,4,100,,1.0,,100,https://html-classic.itch.zone/html/16537285-1538396/index.html?v=1771980144,,28BNJqqseuCFBEnn7OoX,2026-02-25 04:52:42.347000+00:00,
WebGLPlayer,0e885dc1-c373-4942-af80-d5caac9c4d5d,2,2,25,,1.1,,25,https://html-classic.itch.zone/html/16537285-1546101/index.html?v=1772508675,1772745150.0,28frVvskgq7OEJKN0wbn,1772745150912,Dog
WebGLPlayer,3fa752ab-40eb-4e77-aca7-ce8162fd64e6,1,3,100,,1.1,,100,https://html-classic.itch.zone/html/16537285-1546101/index.html?v=1772508675,1772574686.0,2UCjuy6yvXPbdeejnuBO,1772574686427,Dog
WebGLPlayer,500a76fa-e9a2-41da-b1cb-fcab68ab3b31,3,1,100,,1.1,,100,https://html-classic.itch.zone/html/16537285-1546101/index.html?v=1772508675,1772513043.0,2wRbtgnfm9QIO3pc598K,1772513043312,Dog
WebGLPlayer,d9490c57-0d14-4cf4-a6d5-6ac9f005e219,2,4,100,,1.0,,100,https://html-classic.itch.zone/html/16537285-1538396/index.html?v=1771980144,,2y8rr7uelO8bGguDFV3I,2026-02-25 05:04:08.222000+00:00,
WebGLPlayer,42993cc6-9738-4aac-ae31-6d6f44a79105,1,1,100,,1.1,,100,https://html-classic.itch.zone/html/16537285-1546101/index.html?v=1772508675,1772672578.0,2yNHvw0dqgULTwlczYIg,1772672578998,Dog
WebGLPlayer,ed1da240-bdee-4af5-b0aa-d97140d7d27d,2,3,49,0.0,1.2,0.0,46,https://html-classic.itch.zone/html/16537285-1556842/WebGL/index.html?v=1773204363,1773273318.0,33BoDRnqM401vsiYhfSC,,
WebGLPlayer,1f510df4-b380-4bf3-9798-b3c6f23e8d37,1,1,5,,1.1,,5,https://html-classic.itch.zone/html/16537285-1546101/index.html?v=1772508675,1772549178.0,33XXMPG4lXPM0yHUrKkN,1772549178403,Dog
WebGLPlayer,9499e297-7432-4864-933c-088679dad8ff,1,3,100,1.0,1.2,0.0,100,https://html-classic.itch.zone/html/16537285-1556842/WebGL/index.html?v=1773204363,1773333963.0,34zsWXNJYSun2RHOauxD,,
WebGLPlayer,98df4f7c-2f7d-4336-8e31-98e565231e8f,1,4,100,,1.0,,100,https://html-classic.itch.zone/html/16537285-1538396/index.html?v=1771980144,,365GfGOhCCm6KBPLwef9,2026-02-25 02:42:58.873000+00:00,
WebGLPlayer,de227f93-8632-4b43-89db-9eb7dfc925de,1,3,8,,1.1,,7,https://html-classic.itch.zone/html/16537285-1546101/index.html?v=1772508675,1772511731.0,3HZNIMLlq5LWMaJUnoPF,1772511731087,Dog
WebGLPlayer,c727dee3-8d07-4537-b118-906a91092bef,2,1,6,,1.1,,8,https://html-classic.itch.zone/html/16537285-1546101/index.html?v=1772508675,1772586857.0,3P6LxEerqIpTusRYzuM5,1772586857321,Dog
WebGLPlayer,9499e297-7432-4864-933c-088679dad8ff,1,1,100,1.0,1.2,0.0,100,https://html-classic.itch.zone/html/16537285-1556842/WebGL/index.html?v=1773204363,1773333777.0,3UXurJeR5sDr2RZxkkx8,,
WebGLPlayer,c727dee3-8d07-4537-b118-906a91092bef,2,1,6,,1.1,,8,https://html-classic.itch.zone/html/16537285-1546101/index.html?v=1772508675,1772587519.0,3pW5uUDBIbQwG6FRJtgp,1772587519506,Dog
WebGLPlayer,d154921d-2ace-4a28-b91c-6a2b81b22a60,1,1,100,1.0,1.2,0.0,100,https://html-classic.itch.zone/html/16537285-1556842/WebGL/index.html?v=1773204363,1773441667.0,411tmlP6illwvNNHQvlu,,
WebGLPlayer,abe7a704-a290-487d-bf25-e1a1be6e86ac,1,1,100,,1.1,,100,https://html-classic.itch.zone/html/16537285-1546101/index.html?v=1772508675,1772581123.0,4bdwxfzZUCLB9nWagOTp,1772581123058,Dog
WebGLPlayer,12ea51bf-5b57-4891-a08f-a0a9cb036581,1,4,54,,1.0,,47,https://bmanske505.github.io/Escape-The-Forest/,,4keQ4q7FdliAreYIWNcc,2026-02-26 02:14:54.441000+00:00,
WebGLPlayer,d9490c57-0d14-4cf4-a6d5-6ac9f005e219,2,4,100,,1.0,,100,https://html-classic.itch.zone/html/16537285-1538396/index.html?v=1771980144,,5FhIc526nT25sRzdN9S6,2026-02-25 04:28:08.337000+00:00,
WebGLPlayer,90ae50a2-1e30-46e6-ac38-7a23acdfbef8,1,1,100,,1.1,,100,https://html-classic.itch.zone/html/16537285-1546101/index.html?v=1772508675,1772518109.0,5HkyQNPp7YVyDYy4EH5V,1772518109084,Dog
WebGLPlayer,de227f93-8632-4b43-89db-9eb7dfc925de,1,2,10,,1.1,,12,https://html-classic.itch.zone/html/16537285-1546101/index.html?v=1772508675,1772511060.0,5geHDo8uBi0ZQwXgwlC6,1772511060823,Dog
WebGLPlayer,c727dee3-8d07-4537-b118-906a91092bef,2,1,6,,1.1,,8,https://html-classic.itch.zone/html/16537285-1546101/index.html?v=1772508675,1772587438.0,60jHSWaGjI4pOKB7tNYb,1772587438021,Dog
WebGLPlayer,295634dc-88c6-4748-99df-89316806269b,1,1,100,,1.1,,100,https://html-classic.itch.zone/html/16537285-1546101/index.html?v=1772508675,1772605636.0,66Vch5qdsTSstGRsqFpq,1772605636306,Dog
WebGLPlayer,535c35fa-1611-4b2c-9a64-0a7b01315073,1,1,100,,1.1,,100,https://html-classic.itch.zone/html/16537285-1546101/index.html?v=1772508675,1772570542.0,6ibtGu9ODjYfxo4NOOnQ,1772570542002,Dog
WebGLPlayer,581f26f8-3555-474f-bfad-56bae920a4aa,1,1,100,,1.1,,100,https://html-classic.itch.zone/html/16537285-1546101/index.html?v=1772508675,1772671671.0,6qd5sTzw6spH8q1aCk6s,1772671671730,Dog
WebGLPlayer,de227f93-8632-4b43-89db-9eb7dfc925de,1,1,100,,1.1,,100,https://html-classic.itch.zone/html/16537285-1546101/index.html?v=1772508675,1772510556.0,7Gq504zRE5IuyLPAbfVz,1772510556228,Dog
WebGLPlayer,90ae50a2-1e30-46e6-ac38-7a23acdfbef8,1,1,100,,1.1,,100,https://html-classic.itch.zone/html/16537285-1546101/index.html?v=1772508675,1772518109.0,7t7HSWZHVwj8BuIL0Ri0,1772518109085,Dog
WebGLPlayer,6890b777-81da-4a16-bd22-e1463f6d3701,2,2,7,1.0,1.2,0.0,9,https://html-classic.itch.zone/html/16537285-1556842/WebGL/index.html?v=1773204363,1773264495.0,8DC53STke8OBzOkBIkDn,,
WebGLPlayer,a9e7478e-0cb7-4f7f-ae7f-1a024e172003,1,2,100,,1.1,,100,https://html-classic.itch.zone/html/16537285-1546101/index.html?v=1772508675,1772903251.0,8VT4zTSUymYyNmKbyIOh,1772903251049,Dog
WebGLPlayer,42993cc6-9738-4aac-ae31-6d6f44a79105,1,2,100,,1.1,,100,https://html-classic.itch.zone/html/16537285-1546101/index.html?v=1772508675,1772672683.0,8WQ0XkvMlAcUX7xcsZtT,1772672683708,Dog
WebGLPlayer,ed1da240-bdee-4af5-b0aa-d97140d7d27d,2,2,23,0.0,1.2,0.0,23,https://html-classic.itch.zone/html/16537285-1556842/WebGL/index.html?v=1773204363,1773258458.0,8jN4KM9rdlG39cIwjot1,,
WebGLPlayer,10399faa-8e46-46d7-95ef-6e50cb706ee6,1,4,100,,1.0,,100,https://html-classic.itch.zone/html/16537285-1538396/index.html?v=1771980144,,8ocUtleglvWmlFqvMNuD,2026-02-25 05:42:08.594000+00:00,
WebGLPlayer,3fa752ab-40eb-4e77-aca7-ce8162fd64e6,1,1,100,,1.1,,100,https://html-classic.itch.zone/html/16537285-1546101/index.html?v=1772508675,1772574515.0,8tmjyW5PbPNOwKm6NkSt,1772574515174,Dog
WebGLPlayer,6890b777-81da-4a16-bd22-e1463f6d3701,2,5,7,1.0,1.2,0.0,9,https://html-classic.itch.zone/html/16537285-1556842/WebGL/index.html?v=1773204363,1773265927.0,9DLxxt0a5x6E0ohntmBs,,
WebGLPlayer,6890b777-81da-4a16-bd22-e1463f6d3701,2,1,4,1.0,1.2,0.0,5,https://html-classic.itch.zone/html/16537285-1556842/WebGL/index.html?v=1773204363,1773264149.0,AAHMW4Pe2gHdrNzY1P2W,,
WebGLPlayer,70b5ddbc-6a25-4fe0-b987-a1478fb55fe6,1,4,100,,1.0,,100,https://html-classic.itch.zone/html/16537285-1538396/index.html?v=1771980144,,ATsR80HpgHHR6Kg9q76A,2026-02-25 04:46:43.050000+00:00,
WebGLPlayer,c727dee3-8d07-4537-b118-906a91092bef,2,1,6,,1.1,,8,https://html-classic.itch.zone/html/16537285-1546101/index.html?v=1772508675,1772587613.0,Aj94gASb8R8CQlH20SwH,1772587613866,Dog
WebGLPlayer,3e570f88-d491-4348-bcae-97ec49934a2b,1,1,100,,1.1,,100,https://html-classic.itch.zone/html/16537285-1546101/index.html?v=1772508675,1772574394.0,ApcuLRY5xsCWq1llQQjO,1772574394562,Dog
WebGLPlayer,c727dee3-8d07-4537-b118-906a91092bef,2,1,2,,1.1,,4,https://html-classic.itch.zone/html/16537285-1546101/index.html?v=1772508675,1772588031.0,Au5RTfkDCotGjZqWi39w,1772588031023,Dog
WebGLPlayer,90ae50a2-1e30-46e6-ac38-7a23acdfbef8,1,1,100,,1.1,,100,https://html-classic.itch.zone/html/16537285-1546101/index.html?v=1772508675,1772518082.0,Aub0Io5Uc8YsxPKJerYm,1772518082749,Dog
WebGLPlayer,42993cc6-9738-4aac-ae31-6d6f44a79105,1,3,100,,1.1,,100,https://html-classic.itch.zone/html/16537285-1546101/index.html?v=1772508675,1772672871.0,BNLmz7WeuGXwjVqllHnl,1772672871799,Dog
WebGLPlayer,c727dee3-8d07-4537-b118-906a91092bef,2,1,2,,1.1,,4,https://html-classic.itch.zone/html/16537285-1546101/index.html?v=1772508675,1772588283.0,BPijQZVnwqtRtW8LcPOj,1772588283092,Dog
WebGLPlayer,05c9809b-f15b-4a30-af0c-d20d66f6c816,1,4,100,,1.0,,100,https://html-classic.itch.zone/html/16537285-1539301/index.html?v=1772048211,,BVntqLYXBFVehMdX1N4L,2026-02-26 07:01:02.095000+00:00,
WebGLPlayer,24bbaba8-dc51-4a09-b007-88a9522667a4,2,6,17,1.0,1.2,0.0,14,https://html-classic.itch.zone/html/16537285-1556842/WebGL/index.html?v=1773204363,1773257882.0,BZuJIUQmFlUP1wxwyKOe,,
WebGLPlayer,6890b777-81da-4a16-bd22-e1463f6d3701,3,2,7,1.0,1.2,0.0,9,https://html-classic.itch.zone/html/16537285-1556842/WebGL/index.html?v=1773204363,1773513719.0,BeqoVuxuZO0PUs7f1Ifz,,
WebGLPlayer,fb093188-7616-4e0f-8509-4279e51245ec,1,6,100,,1.0,,100,https://html-classic.itch.zone/html/16537285-1538396/index.html?v=1771980144,,Bg0GMwkUp0414ZLc1WB8,2026-02-25 05:44:34.955000+00:00,
WebGLPlayer,d9490c57-0d14-4cf4-a6d5-6ac9f005e219,2,4,100,,1.0,,100,https://html-classic.itch.zone/html/16537285-1538396/index.html?v=1771980144,,CEep5uXEOqt5O1o7vp9H,2026-02-25 04:46:13.673000+00:00,
WebGLPlayer,7df36adf-44de-4187-9323-696cee2fb545,1,4,100,,1.0,,100,https://html-classic.itch.zone/html/16537285-1538396/index.html?v=1771980144,,CH0yfVzDUD1SiJGsWcs5,2026-02-25 05:28:05.417000+00:00,
WebGLPlayer,6890b777-81da-4a16-bd22-e1463f6d3701,3,3,7,1.0,1.2,0.0,9,https://html-classic.itch.zone/html/16537285-1556842/WebGL/index.html?v=1773204363,1773513875.0,Cfn2EeTNqxymwUgFPGDj,,
WebGLPlayer,80f5c49a-8647-4327-9b68-e2ca0916ea0d,1,1,100,0.0,1.2,0.0,100,https://html-classic.itch.zone/html/16537285-1556842/WebGL/index.html?v=1773204363,1773429070.0,Ch1TJaMh10qYTArAdPlk,,
WebGLPlayer,24bbaba8-dc51-4a09-b007-88a9522667a4,2,6,17,1.0,1.2,0.0,14,https://html-classic.itch.zone/html/16537285-1556842/WebGL/index.html?v=1773204363,1773258051.0,CixPzqnCo6um5GT0Vl54,,
WebGLPlayer,2d5ef946-9e9a-4018-b0d8-4d3f20014078,1,1,100,,1.1,,100,https://html-classic.itch.zone/html/16537285-1546101/index.html?v=1772508675,1772571796.0,D7dRn08OMFGJU9ZBrflZ,1772571796376,Dog
WebGLPlayer,de227f93-8632-4b43-89db-9eb7dfc925de,1,3,8,,1.1,,7,https://html-classic.itch.zone/html/16537285-1546101/index.html?v=1772508675,1772511622.0,D95EGwpFO6VbR2jRbNTj,1772511622189,Dog
WebGLPlayer,de227f93-8632-4b43-89db-9eb7dfc925de,1,3,8,,1.1,,7,https://html-classic.itch.zone/html/16537285-1546101/index.html?v=1772508675,1772511622.0,Dg6fF0Yf23qJbCKumXqS,1772511622188,Dog
WebGLPlayer,3e570f88-d491-4348-bcae-97ec49934a2b,1,1,100,,1.1,,100,https://html-classic.itch.zone/html/16537285-1546101/index.html?v=1772508675,1772574371.0,DlREoz6J1iNLyytTVOd4,1772574371478,Dog
WebGLPlayer,d71ee579-56ef-4668-8d24-9e7ca82c31f0,1,1,100,0.0,1.2,0.0,100,https://html-classic.itch.zone/html/16537285-1556842/WebGL/index.html?v=1773204363,1773459707.0,EB1gDS40yNAyVvfhDeB3,,
WebGLPlayer,ed1da240-bdee-4af5-b0aa-d97140d7d27d,2,2,23,0.0,1.2,0.0,23,https://html-classic.itch.zone/html/16537285-1556842/WebGL/index.html?v=1773204363,1773258426.0,EBdqAnQXEQzIB2gqP3Ac,,
WebGLPlayer,05c9809b-f15b-4a30-af0c-d20d66f6c816,1,4,100,,1.0,,100,https://html-classic.itch.zone/html/16537285-1539301/index.html?v=1772048211,,EGIBRreOAR100fbfuCZS,2026-02-26 06:58:21.724000+00:00,
WebGLPlayer,55597b92-93c4-40b8-bc6e-3eb02df12ed6,1,1,100,,1.1,,100,https://html-classic.itch.zone/html/16537285-1546101/index.html?v=1772508675,1772512961.0,Ef5cNTJA6xkY1AaioQ8o,1772512961864,Dog
WebGLPlayer,d9490c57-0d14-4cf4-a6d5-6ac9f005e219,2,4,100,,1.0,,100,https://html-classic.itch.zone/html/16537285-1538396/index.html?v=1771980144,,EysyW37UQkKXYb7IrLtb,2026-02-25 05:12:49.150000+00:00,
WebGLPlayer,535c35fa-1611-4b2c-9a64-0a7b01315073,1,1,100,,1.1,,100,https://html-classic.itch.zone/html/16537285-1546101/index.html?v=1772508675,1772570484.0,FR1G7TRqQCIWPlS4FDYd,1772570484881,Dog
WebGLPlayer,42993cc6-9738-4aac-ae31-6d6f44a79105,1,3,100,,1.1,,100,https://html-classic.itch.zone/html/16537285-1546101/index.html?v=1772508675,1772672937.0,FTfNKSRNkvlyFlkHMAHV,1772672937045,Dog
WebGLPlayer,a9e7478e-0cb7-4f7f-ae7f-1a024e172003,1,1,100,,1.1,,100,https://html-classic.itch.zone/html/16537285-1546101/index.html?v=1772508675,1772903196.0,GAULXBmPpt3LiNwyWeJz,1772903196485,Dog
WebGLPlayer,d9490c57-0d14-4cf4-a6d5-6ac9f005e219,2,4,100,,1.0,,100,https://html-classic.itch.zone/html/16537285-1538396/index.html?v=1771980144,,GFCxGwL3WRMFywRUApAw,2026-02-25 05:06:49.532000+00:00,
WebGLPlayer,c727dee3-8d07-4537-b118-906a91092bef,2,1,2,,1.1,,4,https://html-classic.itch.zone/html/16537285-1546101/index.html?v=1772508675,1772588283.0,GHAyPQHM1cWuBQHRKH0e,1772588283094,Dog
WebGLPlayer,6890b777-81da-4a16-bd22-e1463f6d3701,3,2,7,1.0,1.2,0.0,9,https://html-classic.itch.zone/html/16537285-1556842/WebGL/index.html?v=1773204363,1773513719.0,GNB1TqxepxCVlhA4xM8N,,
WebGLPlayer,2b5f5563-355f-4ed4-be41-a21cfbb88aea,1,5,100,,1.0,,100,https://html-classic.itch.zone/html/16537285-1539301/index.html?v=1772048211,,Gg5RmCVw52DmOMlIXlqS,2026-02-26 04:10:37.683000+00:00,
WebGLPlayer,e7a86bc3-4385-4dae-b96b-80ec5bb16bab,1,1,100,,1.1,,100,https://html-classic.itch.zone/html/16537285-1546101/index.html?v=1772508675,1772674165.0,Gg6lT0DtkCUyWU2AwSQh,1772674165926,Dog
WebGLPlayer,d9490c57-0d14-4cf4-a6d5-6ac9f005e219,2,4,100,,1.0,,100,https://html-classic.itch.zone/html/16537285-1538396/index.html?v=1771980144,,Gnox7jXhbzdDniSDR0Zq,2026-02-25 04:28:08.272000+00:00,
WebGLPlayer,c727dee3-8d07-4537-b118-906a91092bef,2,1,6,,1.1,,8,https://html-classic.itch.zone/html/16537285-1546101/index.html?v=1772508675,1772587613.0,H0nrczelSzkOvHWNuzbL,1772587613864,Dog
WebGLPlayer,98df4f7c-2f7d-4336-8e31-98e565231e8f,1,6,100,,1.0,,100,https://html-classic.itch.zone/html/16537285-1538396/index.html?v=1771980144,,H6MJ7fl9UJIpXObCeqSm,2026-02-25 02:46:12.805000+00:00,
WebGLPlayer,9499e297-7432-4864-933c-088679dad8ff,1,1,100,1.0,1.2,0.0,100,https://html-classic.itch.zone/html/16537285-1556842/WebGL/index.html?v=1773204363,1773333743.0,HKfPuEqFIcnl1VdAwDyz,,
WebGLPlayer,24bbaba8-dc51-4a09-b007-88a9522667a4,2,6,17,1.0,1.2,0.0,14,https://html-classic.itch.zone/html/16537285-1556842/WebGL/index.html?v=1773204363,1773280458.0,HhesdjNhPYq2WPNl7uuU,,
WebGLPlayer,4ba415ef-8d1a-4f0c-9d99-af4c6cbb28d9,3,2,100,,1.1,,100,https://bmanske505.github.io/Escape-The-Forest/,1772574848.0,Hkfc2f7UrnrnvQlE5Wsg,1772574848420,Dog
WebGLPlayer,1f510df4-b380-4bf3-9798-b3c6f23e8d37,1,4,5,,1.1,,5,https://html-classic.itch.zone/html/16537285-1546101/index.html?v=1772508675,1772550471.0,I3OapFswsy6am0rBoqSM,1772550471502,Dog
WebGLPlayer,7f53d27a-c359-41ae-835d-2a74c9d49126,1,1,100,,1.1,,100,https://html-classic.itch.zone/html/16537285-1546101/index.html?v=1772508675,1772600338.0,I59gh7fnWaNsnSTNGhRY,1772600338140,Dog
WebGLPlayer,55597b92-93c4-40b8-bc6e-3eb02df12ed6,1,1,100,,1.1,,100,https://html-classic.itch.zone/html/16537285-1546101/index.html?v=1772508675,1772513092.0,I67zazMb53IJsoikqePM,1772513092840,Dog
WebGLPlayer,c727dee3-8d07-4537-b118-906a91092bef,2,1,6,,1.1,,8,https://html-classic.itch.zone/html/16537285-1546101/index.html?v=1772508675,1772559883.0,IDGRIsBZ6S0ZPaYapoNM,1772559883599,Dog
WebGLPlayer,90ae50a2-1e30-46e6-ac38-7a23acdfbef8,1,2,100,,1.1,,100,https://html-classic.itch.zone/html/16537285-1546101/index.html?v=1772508675,1772518276.0,IKhhFeeYdiTiIBZNb2bj,1772518276603,Dog
WebGLPlayer,c727dee3-8d07-4537-b118-906a91092bef,2,1,2,,1.1,,4,https://html-classic.itch.zone/html/16537285-1546101/index.html?v=1772508675,1772587950.0,ITKNz4XkFInoOICsMXW4,1772587950451,Dog
WebGLPlayer,6890b777-81da-4a16-bd22-e1463f6d3701,2,2,7,1.0,1.2,0.0,9,https://html-classic.itch.zone/html/16537285-1556842/WebGL/index.html?v=1773204363,1773264495.0,ITatkznGgt1CJsGlot0P,,
WebGLPlayer,42993cc6-9738-4aac-ae31-6d6f44a79105,1,3,100,,1.1,,100,https://html-classic.itch.zone/html/16537285-1546101/index.html?v=1772508675,1772672937.0,Iffh1TeqEKQR7EuQ2usE,1772672937046,Dog
WebGLPlayer,fb093188-7616-4e0f-8509-4279e51245ec,1,6,100,,1.0,,100,https://html-classic.itch.zone/html/16537285-1538396/index.html?v=1771980144,,IjepdnFoHQFFVCjJHYjJ,2026-02-25 05:48:22.092000+00:00,
WebGLPlayer,70b5ddbc-6a25-4fe0-b987-a1478fb55fe6,1,4,100,,1.0,,100,https://html-classic.itch.zone/html/16537285-1538396/index.html?v=1771980144,,Iv3cPKF3rHa8azQU84pE,2026-02-25 05:07:50.720000+00:00,
WebGLPlayer,e889ad18-578c-42c8-ba67-b87ee1d0f6ed,1,1,100,0.0,1.2,0.0,100,https://html-classic.itch.zone/html/16537285-1556842/WebGL/index.html?v=1773204363,1773438810.0,IwbLfwqmgZ1JIAF334Fs,,
WebGLPlayer,6890b777-81da-4a16-bd22-e1463f6d3701,2,1,4,1.0,1.2,0.0,5,https://html-classic.itch.zone/html/16537285-1556842/WebGL/index.html?v=1773204363,1773264092.0,J4hryjMrnqLn7PAyt1jG,,
WebGLPlayer,c727dee3-8d07-4537-b118-906a91092bef,2,1,6,,1.1,,8,https://html-classic.itch.zone/html/16537285-1546101/index.html?v=1772508675,1772587306.0,JEqzDC4xdGKaxWLs3CiR,1772587306547,Dog
WebGLPlayer,e0387235-a3d5-4ddd-8fa6-bda81981cc26,1,1,100,,1.1,,100,https://html-classic.itch.zone/html/16537285-1546101/index.html?v=1772508675,1772649699.0,JNa5HDKeJPCVze2WYIbk,1772649699901,Dog
WebGLPlayer,70b5ddbc-6a25-4fe0-b987-a1478fb55fe6,1,4,100,,1.0,,100,https://html-classic.itch.zone/html/16537285-1538396/index.html?v=1771980144,,JqBQ3HdiREMMpn2NquYW,2026-02-25 05:10:17.761000+00:00,
WebGLPlayer,48d112f6-a109-4804-95d5-fd9956b1ade6,1,4,100,,1.0,,100,https://html-classic.itch.zone/html/16537285-1538396/index.html?v=1771980144,,K0yGfxhHIEgyqaeewFhX,2026-02-25 01:51:44.083000+00:00,
WebGLPlayer,24bbaba8-dc51-4a09-b007-88a9522667a4,2,6,17,1.0,1.2,0.0,14,https://html-classic.itch.zone/html/16537285-1556842/WebGL/index.html?v=1773204363,1773280592.0,K6p1FJUZKt38vNb51TW5,,
WebGLPlayer,de227f93-8632-4b43-89db-9eb7dfc925de,1,2,18,,1.1,,19,https://html-classic.itch.zone/html/16537285-1546101/index.html?v=1772508675,1772511002.0,KQOJS7LgT7SSiygM281V,1772511002789,Dog
WebGLPlayer,de227f93-8632-4b43-89db-9eb7dfc925de,1,1,25,,1.1,,27,https://html-classic.itch.zone/html/16537285-1546101/index.html?v=1772508675,1772510736.0,KpOzCAjHwF8gb0SlYYry,1772510736209,Dog
WebGLPlayer,6890b777-81da-4a16-bd22-e1463f6d3701,2,2,7,1.0,1.2,0.0,9,https://html-classic.itch.zone/html/16537285-1556842/WebGL/index.html?v=1773204363,1773264407.0,Ku05i3DfXgzj2LJiYInw,,
WebGLPlayer,12ea51bf-5b57-4891-a08f-a0a9cb036581,1,4,54,,1.0,,47,https://bmanske505.github.io/Escape-The-Forest/,,LDZN6WiBGrfIt8JCJeQf,2026-02-26 02:18:17.924000+00:00,
WebGLPlayer,4ba415ef-8d1a-4f0c-9d99-af4c6cbb28d9,3,3,100,,1.1,,100,https://bmanske505.github.io/Escape-The-Forest/,1772575015.0,LG9EVFMMRrST7kFk1SpF,1772575015140,Dog
WebGLPlayer,22fc9907-0869-48e8-929a-ee8dadf3284f,1,1,100,,1.1,,100,https://html-classic.itch.zone/html/16537285-1546101/index.html?v=1772508675,1772514214.0,LXNIypm79ooe4zfsNM7Z,1772514214011,Dog
WebGLPlayer,8728d281-fc44-4ac7-a69d-81e9103f303a,1,1,100,,1.1,,100,https://html-classic.itch.zone/html/16537285-1546101/index.html?v=1772508675,1772574329.0,Lqsf2j596pZtlQAn3EFm,1772574329876,Dog
WebGLPlayer,5559dbb6-6a01-4a3f-bb34-05607bbc4d07,1,4,100,,1.0,,100,https://html-classic.itch.zone/html/16537285-1539301/index.html?v=1772048211,,LrPF89KvhDdFu39NMw6p,2026-02-26 02:31:04.522000+00:00,
WebGLPlayer,6890b777-81da-4a16-bd22-e1463f6d3701,2,1,9,1.0,1.2,0.0,10,https://html-classic.itch.zone/html/16537285-1556842/WebGL/index.html?v=1773204363,1773254667.0,LzMo8V3wVB5fB48fDaDG,,
WebGLPlayer,2b5f5563-355f-4ed4-be41-a21cfbb88aea,1,4,100,,1.0,,100,https://html-classic.itch.zone/html/16537285-1539301/index.html?v=1772048211,,MIiqLmJiYH0vxgMaFdMe,2026-02-26 04:01:46.902000+00:00,
WebGLPlayer,6890b777-81da-4a16-bd22-e1463f6d3701,2,1,0,1.0,1.2,0.0,0,https://html-classic.itch.zone/html/16537285-1556842/WebGL/index.html?v=1773204363,1773264268.0,MbNddrfot6N3wgIr2xx8,,
WebGLPlayer,de227f93-8632-4b43-89db-9eb7dfc925de,1,1,25,,1.1,,27,https://html-classic.itch.zone/html/16537285-1546101/index.html?v=1772508675,1772510736.0,Mppm6vREUqLenqED880L,1772510736211,Dog
WebGLPlayer,295634dc-88c6-4748-99df-89316806269b,1,1,100,,1.1,,100,https://html-classic.itch.zone/html/16537285-1546101/index.html?v=1772508675,1772605636.0,NKViUQ2F7fedMg7Bm33j,1772605636291,Dog
WebGLPlayer,de227f93-8632-4b43-89db-9eb7dfc925de,1,3,8,,1.1,,7,https://html-classic.itch.zone/html/16537285-1546101/index.html?v=1772508675,1772511662.0,NOkEofnBUml6QfeXjCZe,1772511662592,Dog
WebGLPlayer,3fa752ab-40eb-4e77-aca7-ce8162fd64e6,1,1,100,,1.1,,100,https://html-classic.itch.zone/html/16537285-1546101/index.html?v=1772508675,1772574493.0,Nh0hzRcdVCnbGt86OUtz,1772574493729,Dog
WebGLPlayer,d9490c57-0d14-4cf4-a6d5-6ac9f005e219,2,4,100,,1.0,,100,https://html-classic.itch.zone/html/16537285-1538396/index.html?v=1771980144,,Nub433EptcuQ84Sjcpei,2026-02-25 05:12:49.087000+00:00,
WebGLPlayer,c727dee3-8d07-4537-b118-906a91092bef,2,1,6,,1.1,,8,https://html-classic.itch.zone/html/16537285-1546101/index.html?v=1772508675,1772586990.0,NyQpRoe9u9GlgGUehKot,1772586990007,Dog
WebGLPlayer,69e6bcf3-1aa7-418f-82e3-7256c4d066ee,1,4,67,1.0,1.2,0.0,66,https://html-classic.itch.zone/html/16537285-1556842/WebGL/index.html?v=1773204363,1773274086.0,OS5zSlQ4zYrWCjs3XmVz,,
WebGLPlayer,de227f93-8632-4b43-89db-9eb7dfc925de,1,3,8,,1.1,,7,https://html-classic.itch.zone/html/16537285-1546101/index.html?v=1772508675,1772511550.0,OURxouFHhQpbZjCBPCMW,1772511550304,Dog
WebGLPlayer,581f26f8-3555-474f-bfad-56bae920a4aa,1,1,100,,1.1,,100,https://html-classic.itch.zone/html/16537285-1546101/index.html?v=1772508675,1772671670.0,OZ6aAJwbL9e9h3SOVswp,1772671670978,Dog
WebGLPlayer,70b5ddbc-6a25-4fe0-b987-a1478fb55fe6,1,4,100,,1.0,,100,https://html-classic.itch.zone/html/16537285-1538396/index.html?v=1771980144,,OcRncM2JDDOK0Vf977mF,2026-02-25 05:01:22.277000+00:00,
WebGLPlayer,c727dee3-8d07-4537-b118-906a91092bef,2,1,18,,1.1,,17,https://html-classic.itch.zone/html/16537285-1546101/index.html?v=1772508675,1772559689.0,P7I5SBN9fVqxBjaNzS8P,1772559689541,Dog
WebGLPlayer,70b5ddbc-6a25-4fe0-b987-a1478fb55fe6,1,4,100,,1.0,,100,https://html-classic.itch.zone/html/16537285-1538396/index.html?v=1771980144,,PdW1q5qFiXsn1KtDLxtX,2026-02-25 05:10:17.687000+00:00,
WebGLPlayer,d9490c57-0d14-4cf4-a6d5-6ac9f005e219,2,4,100,,1.0,,100,https://html-classic.itch.zone/html/16537285-1538396/index.html?v=1771980144,,Pra2pnyHYUF77gzdkpv3,2026-02-25 04:46:13.730000+00:00,
WebGLPlayer,de227f93-8632-4b43-89db-9eb7dfc925de,1,1,100,,1.1,,100,https://html-classic.itch.zone/html/16537285-1546101/index.html?v=1772508675,1772510460.0,PvWm7Dz4v7137I2UXrHc,1772510460779,Dog
WebGLPlayer,6890b777-81da-4a16-bd22-e1463f6d3701,2,1,4,1.0,1.2,0.0,5,https://html-classic.itch.zone/html/16537285-1556842/WebGL/index.html?v=1773204363,1773264181.0,QBxyRLMYHYsRS3fLRL06,,
WebGLPlayer,3e570f88-d491-4348-bcae-97ec49934a2b,1,2,16,,1.1,,16,https://html-classic.itch.zone/html/16537285-1546101/index.html?v=1772508675,1772574610.0,QNvYwbgJYzQrQcBpX7z5,1772574610588,Dog
WebGLPlayer,c727dee3-8d07-4537-b118-906a91092bef,2,1,2,,1.1,,4,https://html-classic.itch.zone/html/16537285-1546101/index.html?v=1772508675,1772587832.0,QTULe6evhCjvoReZ4TFs,1772587832534,Dog
WebGLPlayer,6890b777-81da-4a16-bd22-e1463f6d3701,2,5,7,1.0,1.2,0.0,9,https://html-classic.itch.zone/html/16537285-1556842/WebGL/index.html?v=1773204363,1773265700.0,RJGFPWIQoBVwyxXyv7Fg,,
WebGLPlayer,4ba415ef-8d1a-4f0c-9d99-af4c6cbb28d9,3,1,100,,1.1,,100,https://bmanske505.github.io/Escape-The-Forest/,1772574661.0,RKPyCMBoyLZCgNux0nAr,1772574661386,Dog
WebGLPlayer,90ae50a2-1e30-46e6-ac38-7a23acdfbef8,1,2,100,,1.1,,100,https://html-classic.itch.zone/html/16537285-1546101/index.html?v=1772508675,1772518276.0,S3EanRDr8Ol0kDjHSCtb,1772518276602,Dog
WebGLPlayer,de227f93-8632-4b43-89db-9eb7dfc925de,1,1,100,,1.1,,100,https://html-classic.itch.zone/html/16537285-1546101/index.html?v=1772508675,1772510460.0,SJCFUeQEwC6dAkcobphw,1772510460778,Dog
WebGLPlayer,2d5ef946-9e9a-4018-b0d8-4d3f20014078,1,1,100,,1.1,,100,https://html-classic.itch.zone/html/16537285-1546101/index.html?v=1772508675,1772571762.0,SLUBOkDr0ARwC9eMYZNX,1772571762957,Dog
WebGLPlayer,e7a86bc3-4385-4dae-b96b-80ec5bb16bab,1,1,100,,1.1,,100,https://html-classic.itch.zone/html/16537285-1546101/index.html?v=1772508675,1772674165.0,SUeO1POi6ChJlLP5PYiX,1772674165925,Dog
WebGLPlayer,3e570f88-d491-4348-bcae-97ec49934a2b,1,1,100,,1.1,,100,https://html-classic.itch.zone/html/16537285-1546101/index.html?v=1772508675,1772574371.0,SmaOu5rZX2lN18LrbEom,1772574371475,Dog
WebGLPlayer,c727dee3-8d07-4537-b118-906a91092bef,2,1,2,,1.1,,4,https://html-classic.itch.zone/html/16537285-1546101/index.html?v=1772508675,1772587832.0,TCWLbyTX5CqhvAhlMADh,1772587832532,Dog
WebGLPlayer,10399faa-8e46-46d7-95ef-6e50cb706ee6,1,4,100,,1.0,,100,https://html-classic.itch.zone/html/16537285-1538396/index.html?v=1771980144,,TVuBw9jvxCDFus5Tj8Qv,2026-02-25 05:42:08.672000+00:00,
WebGLPlayer,6890b777-81da-4a16-bd22-e1463f6d3701,2,1,0,1.0,1.2,0.0,0,https://html-classic.itch.zone/html/16537285-1556842/WebGL/index.html?v=1773204363,1773264268.0,TYjW3ktouJeSPG4eRB3D,,
WebGLPlayer,69e6bcf3-1aa7-418f-82e3-7256c4d066ee,1,4,67,1.0,1.2,0.0,66,https://html-classic.itch.zone/html/16537285-1556842/WebGL/index.html?v=1773204363,1773274384.0,TnHVA8rRal9wt2fFzjJw,,
WebGLPlayer,1f510df4-b380-4bf3-9798-b3c6f23e8d37,1,2,5,,1.1,,5,https://html-classic.itch.zone/html/16537285-1546101/index.html?v=1772508675,1772549414.0,UH9gfnBzXZe4lzNiCcrp,1772549414366,Dog
WebGLPlayer,c727dee3-8d07-4537-b118-906a91092bef,2,1,6,,1.1,,8,https://html-classic.itch.zone/html/16537285-1546101/index.html?v=1772508675,1772587479.0,UHbssL8bozEfiEKNT5jz,1772587479197,Dog
WebGLPlayer,2d5ef946-9e9a-4018-b0d8-4d3f20014078,1,1,100,,1.1,,100,https://html-classic.itch.zone/html/16537285-1546101/index.html?v=1772508675,1772571780.0,UHyFbnWmS5Fdm3449xyB,1772571780887,Dog
WebGLPlayer,d0826227-0ba6-40a9-88b0-823d1c437007,2,4,100,,1.0,,100,https://html-classic.itch.zone/html/16537285-1539301/index.html?v=1772048211,,Ul15AobKJTSJz5HwPYL7,2026-02-26 00:27:08.661000+00:00,
WebGLPlayer,8728d281-fc44-4ac7-a69d-81e9103f303a,1,1,100,,1.1,,100,https://html-classic.itch.zone/html/16537285-1546101/index.html?v=1772508675,1772574267.0,UtQVZmX327uCTWgxj4j4,1772574267279,Dog
WebGLPlayer,5559dbb6-6a01-4a3f-bb34-05607bbc4d07,1,4,100,,1.0,,100,https://html-classic.itch.zone/html/16537285-1539301/index.html?v=1772048211,,UtlP3rrAfsRmpBITOuAM,2026-02-26 02:31:04.468000+00:00,
WebGLPlayer,9499e297-7432-4864-933c-088679dad8ff,1,1,100,1.0,1.2,0.0,100,https://html-classic.itch.zone/html/16537285-1556842/WebGL/index.html?v=1773204363,1773333743.0,UzDj5xh3tH7xu4vwHj3v,,
WebGLPlayer,1f510df4-b380-4bf3-9798-b3c6f23e8d37,1,4,5,,1.1,,5,https://html-classic.itch.zone/html/16537285-1546101/index.html?v=1772508675,1772550471.0,V4GEuEAXumSxn2HQOadN,1772550471505,Dog
WebGLPlayer,2b5f5563-355f-4ed4-be41-a21cfbb88aea,1,4,100,,1.0,,100,https://html-classic.itch.zone/html/16537285-1539301/index.html?v=1772048211,,VIBcRL7oH9DGkyhvNBYp,2026-02-26 04:03:09.443000+00:00,
WebGLPlayer,c727dee3-8d07-4537-b118-906a91092bef,2,1,6,,1.1,,8,https://html-classic.itch.zone/html/16537285-1546101/index.html?v=1772508675,1772586857.0,VQJAPWO1BhAyhQc2bWQk,1772586857331,Dog
WebGLPlayer,70b5ddbc-6a25-4fe0-b987-a1478fb55fe6,1,4,100,,1.0,,100,https://html-classic.itch.zone/html/16537285-1538396/index.html?v=1771980144,,VlJiW1Okn9dAaXqFQfn1,2026-02-25 05:05:11.135000+00:00,
WebGLPlayer,5559dbb6-6a01-4a3f-bb34-05607bbc4d07,1,4,100,,1.0,,100,https://html-classic.itch.zone/html/16537285-1539301/index.html?v=1772048211,,Vlk0ckfnLdQCNsMdcQJ8,2026-02-26 02:25:46.820000+00:00,
WebGLPlayer,1f510df4-b380-4bf3-9798-b3c6f23e8d37,1,2,5,,1.1,,5,https://html-classic.itch.zone/html/16537285-1546101/index.html?v=1772508675,1772549448.0,VnDRRfiD02bZ0WRzEHaF,1772549448423,Dog
WebGLPlayer,de227f93-8632-4b43-89db-9eb7dfc925de,1,2,10,,1.1,,12,https://html-classic.itch.zone/html/16537285-1546101/index.html?v=1772508675,1772511060.0,W62yAqh7kwDMRMKSZACG,1772511060825,Dog
WebGLPlayer,24bbaba8-dc51-4a09-b007-88a9522667a4,2,1,17,1.0,1.2,0.0,14,https://html-classic.itch.zone/html/16537285-1556842/WebGL/index.html?v=1773204363,1773256521.0,W8tmeEleFjUtfKULvv7G,,
WebGLPlayer,1f510df4-b380-4bf3-9798-b3c6f23e8d37,1,1,5,,1.1,,5,https://html-classic.itch.zone/html/16537285-1546101/index.html?v=1772508675,1772549178.0,X9nEAv9iNBQ1FgdHBsHZ,1772549178399,Dog
WebGLPlayer,dd45b31c-7ee3-4f57-aa3d-bd465a10fb42,1,1,100,,1.1,,100,https://html-classic.itch.zone/html/16537285-1546101/index.html?v=1772508675,1772682540.0,XK6fZQIqIY9wKrhqEdbU,1772682540780,Dog
WebGLPlayer,2b5f5563-355f-4ed4-be41-a21cfbb88aea,1,4,100,,1.0,,100,https://html-classic.itch.zone/html/16537285-1539301/index.html?v=1772048211,,XZkH2S3RvUeVfuYdhdbf,2026-02-26 03:45:54.263000+00:00,
WebGLPlayer,70b5ddbc-6a25-4fe0-b987-a1478fb55fe6,1,4,100,,1.0,,100,https://html-classic.itch.zone/html/16537285-1538396/index.html?v=1771980144,,Xg6DxwUISEnRSKAGfowX,2026-02-25 04:48:55.920000+00:00,
WebGLPlayer,d9490c57-0d14-4cf4-a6d5-6ac9f005e219,2,4,100,,1.0,,100,https://html-classic.itch.zone/html/16537285-1538396/index.html?v=1771980144,,Y9hexrAhK87ndmakxAsQ,2026-02-25 04:41:38.449000+00:00,
WebGLPlayer,d154921d-2ace-4a28-b91c-6a2b81b22a60,1,1,100,1.0,1.2,0.0,100,https://html-classic.itch.zone/html/16537285-1556842/WebGL/index.html?v=1773204363,1773441631.0,YChDGOuNxeucAHsGTEXk,,
WebGLPlayer,ed1da240-bdee-4af5-b0aa-d97140d7d27d,2,5,49,0.0,1.2,0.0,46,https://html-classic.itch.zone/html/16537285-1556842/WebGL/index.html?v=1773204363,1773276177.0,Yez9GCn32QTcq2Rkqwia,,
WebGLPlayer,ed1da240-bdee-4af5-b0aa-d97140d7d27d,2,2,23,0.0,1.2,0.0,23,https://html-classic.itch.zone/html/16537285-1556842/WebGL/index.html?v=1773204363,1773258513.0,YpOyCQ8PGtlxURcqdvNc,,
WebGLPlayer,dd45b31c-7ee3-4f57-aa3d-bd465a10fb42,1,1,100,,1.1,,100,https://html-classic.itch.zone/html/16537285-1546101/index.html?v=1772508675,1772675205.0,YqAlCqxHqYASRwlliv54,1772675205005,Dog
WebGLPlayer,ed1da240-bdee-4af5-b0aa-d97140d7d27d,2,3,49,0.0,1.2,0.0,46,https://html-classic.itch.zone/html/16537285-1556842/WebGL/index.html?v=1773204363,1773273384.0,YzKxERBARYEfM9AAoKhU,,
WebGLPlayer,6890b777-81da-4a16-bd22-e1463f6d3701,2,5,7,1.0,1.2,0.0,9,https://html-classic.itch.zone/html/16537285-1556842/WebGL/index.html?v=1773204363,1773265927.0,Z2TC4ETHk7RctqRSlBIF,,
WebGLPlayer,d9490c57-0d14-4cf4-a6d5-6ac9f005e219,2,4,100,,1.0,,100,https://html-classic.itch.zone/html/16537285-1538396/index.html?v=1771980144,,ZVz2vQFi9gUmG7vwwKXR,2026-02-25 05:06:49.611000+00:00,
WebGLPlayer,62b09417-f674-4b7a-b56f-a1c316654ba1,1,1,100,0.0,1.2,0.0,100,https://html-classic.itch.zone/html/16537285-1556842/WebGL/index.html?v=1773204363,1773268036.0,Za0F4VZjSJvNxnGcKtEf,,
WebGLPlayer,70b5ddbc-6a25-4fe0-b987-a1478fb55fe6,1,4,100,,1.0,,100,https://html-classic.itch.zone/html/16537285-1538396/index.html?v=1771980144,,ZpW4sas5c8usZhT9JOJ0,2026-02-25 04:46:42.993000+00:00,
WebGLPlayer,24bbaba8-dc51-4a09-b007-88a9522667a4,2,6,17,1.0,1.2,0.0,14,https://html-classic.itch.zone/html/16537285-1556842/WebGL/index.html?v=1773204363,1773258147.0,Zq1AwQ3oKmYE8q3H225T,,
WebGLPlayer,1f510df4-b380-4bf3-9798-b3c6f23e8d37,1,1,5,,1.1,,5,https://html-classic.itch.zone/html/16537285-1546101/index.html?v=1772508675,1772549266.0,Zs1mussHnhQBfNg6fKkZ,1772549266487,Dog
WebGLPlayer,4ba415ef-8d1a-4f0c-9d99-af4c6cbb28d9,3,1,100,,1.1,,100,https://bmanske505.github.io/Escape-The-Forest/,1772574724.0,ZtDTQRhRqqcyCF5XIF7O,1772574724061,Dog
WebGLPlayer,535c35fa-1611-4b2c-9a64-0a7b01315073,1,1,100,,1.1,,100,https://html-classic.itch.zone/html/16537285-1546101/index.html?v=1772508675,1772570542.0,aGT9Ge5HnVub86x05mIp,1772570542001,Dog
WebGLPlayer,0e885dc1-c373-4942-af80-d5caac9c4d5d,2,1,25,,1.1,,25,https://html-classic.itch.zone/html/16537285-1546101/index.html?v=1772508675,1772744971.0,aSXzeNJTT6UZNYYIxsD3,1772744971653,Dog
WebGLPlayer,6890b777-81da-4a16-bd22-e1463f6d3701,2,1,4,1.0,1.2,0.0,5,https://html-classic.itch.zone/html/16537285-1556842/WebGL/index.html?v=1773204363,1773264092.0,aWZyyN4nSicfQyItT34y,,
WebGLPlayer,e0387235-a3d5-4ddd-8fa6-bda81981cc26,1,1,100,,1.1,,100,https://html-classic.itch.zone/html/16537285-1546101/index.html?v=1772508675,1772649769.0,ajw3ff9ifKKpH8kkx07F,1772649769268,Dog
WebGLPlayer,2d5ef946-9e9a-4018-b0d8-4d3f20014078,1,1,100,,1.1,,100,https://html-classic.itch.zone/html/16537285-1546101/index.html?v=1772508675,1772571566.0,b5BXJ5IEziYwe8YKkM1L,1772571566532,Dog
WebGLPlayer,de227f93-8632-4b43-89db-9eb7dfc925de,1,1,100,,1.1,,100,https://html-classic.itch.zone/html/16537285-1546101/index.html?v=1772508675,1772510423.0,bvzUYRQow3BO2JdSd9cN,1772510423330,Dog
WebGLPlayer,4ba415ef-8d1a-4f0c-9d99-af4c6cbb28d9,3,1,100,,1.1,,100,https://bmanske505.github.io/Escape-The-Forest/,1772574747.0,cAOy5nftwkG9QGEWyTrY,1772574747597,Dog
WebGLPlayer,47e7a1a8-05ac-4dd4-9a67-6a8f8b89a743,1,2,100,0.0,1.2,0.0,100,https://html-classic.itch.zone/html/16537285-1556842/WebGL/index.html?v=1773204363,1773538742.0,cPdDbrmuKztXZZjlTkes,,
WebGLPlayer,fb093188-7616-4e0f-8509-4279e51245ec,1,6,100,,1.0,,100,https://html-classic.itch.zone/html/16537285-1538396/index.html?v=1771980144,,crTSBvR1kES6vLu7NYl9,2026-02-25 05:44:34.895000+00:00,
WebGLPlayer,de227f93-8632-4b43-89db-9eb7dfc925de,1,3,8,,1.1,,7,https://html-classic.itch.zone/html/16537285-1546101/index.html?v=1772508675,1772511780.0,dKK4R9sRp3Vo86H4bcOz,1772511780852,Dog
WebGLPlayer,c727dee3-8d07-4537-b118-906a91092bef,2,1,6,,1.1,,8,https://html-classic.itch.zone/html/16537285-1546101/index.html?v=1772508675,1772587479.0,dTLuFNvI3Np3Z4wTx3ct,1772587479195,Dog
WebGLPlayer,de227f93-8632-4b43-89db-9eb7dfc925de,1,2,10,,1.1,,12,https://html-classic.itch.zone/html/16537285-1546101/index.html?v=1772508675,1772511095.0,dbBsFWke2uXaENszjV3k,1772511095697,Dog
WebGLPlayer,42993cc6-9738-4aac-ae31-6d6f44a79105,1,1,100,,1.1,,100,https://html-classic.itch.zone/html/16537285-1546101/index.html?v=1772508675,1772672500.0,ddY34exUgXLb0CIv7oaa,1772672500877,Dog
WebGLPlayer,98df4f7c-2f7d-4336-8e31-98e565231e8f,1,4,100,,1.0,,100,https://html-classic.itch.zone/html/16537285-1538396/index.html?v=1771980144,,dg9OqjSFDrVJt4Zoc24c,2026-02-25 02:42:58.804000+00:00,
WebGLPlayer,e0387235-a3d5-4ddd-8fa6-bda81981cc26,1,2,100,,1.1,,100,https://html-classic.itch.zone/html/16537285-1546101/index.html?v=1772508675,1772650019.0,doZQ4W7DYtkI5wZRLHeO,1772650019557,Dog
WebGLPlayer,22fc9907-0869-48e8-929a-ee8dadf3284f,1,1,100,,1.1,,100,https://html-classic.itch.zone/html/16537285-1546101/index.html?v=1772508675,1772514214.0,dqjw7nxm2JwYhNvin1ik,1772514214012,Dog
WebGLPlayer,56d0a467-5390-4bc8-9f5a-ecdd8ccab9f3,1,1,100,,1.1,,100,https://html-classic.itch.zone/html/16537285-1546101/index.html?v=1772508675,1772578000.0,dqxYd9XvU7hj5QXBO45Z,1772578000515,Dog
WebGLPlayer,42993cc6-9738-4aac-ae31-6d6f44a79105,1,1,100,,1.1,,100,https://html-classic.itch.zone/html/16537285-1546101/index.html?v=1772508675,1772672500.0,eFEr6JCG4wSxFyLVplkc,1772672500896,Dog
WebGLPlayer,ca2cf188-edc4-488c-8bd4-2d6abc9c7df5,1,1,100,,1.1,,100,https://html-classic.itch.zone/html/16537285-1546101/index.html?v=1772508675,1772580710.0,eGP5GfMv7JnzXLdVXn4o,1772580710682,Dog
WebGLPlayer,6890b777-81da-4a16-bd22-e1463f6d3701,2,1,4,1.0,1.2,0.0,5,https://html-classic.itch.zone/html/16537285-1556842/WebGL/index.html?v=1773204363,1773263904.0,eLlytB9z8fy7wERtgn1b,,
WebGLPlayer,de227f93-8632-4b43-89db-9eb7dfc925de,1,2,25,,1.1,,27,https://html-classic.itch.zone/html/16537285-1546101/index.html?v=1772508675,1772510927.0,eTHhiJkNfYrPKIbVRQ0X,1772510927553,Dog
WebGLPlayer,ed1da240-bdee-4af5-b0aa-d97140d7d27d,2,3,49,0.0,1.2,0.0,46,https://html-classic.itch.zone/html/16537285-1556842/WebGL/index.html?v=1773204363,1773273318.0,ejlEAS273grUkibyt4sR,,
WebGLPlayer,d9490c57-0d14-4cf4-a6d5-6ac9f005e219,2,4,100,,1.0,,100,https://html-classic.itch.zone/html/16537285-1538396/index.html?v=1771980144,,f61XpwctIThyBO74TKfn,2026-02-25 04:41:38.527000+00:00,
WebGLPlayer,3e570f88-d491-4348-bcae-97ec49934a2b,1,1,16,,1.1,,16,https://html-classic.itch.zone/html/16537285-1546101/index.html?v=1772508675,1772574486.0,f8J9D7fCC9NfOijeNFXK,1772574486746,Dog
WebGLPlayer,10399faa-8e46-46d7-95ef-6e50cb706ee6,1,4,100,,1.0,,100,https://html-classic.itch.zone/html/16537285-1538396/index.html?v=1771980144,,fQF9MNdaOuKYsL4mwstb,2026-02-25 05:41:15.954000+00:00,
WebGLPlayer,2b5f5563-355f-4ed4-be41-a21cfbb88aea,1,4,100,,1.0,,100,https://html-classic.itch.zone/html/16537285-1539301/index.html?v=1772048211,,fU1cO0ZcAVTUt5ecolmz,2026-02-26 04:01:46.851000+00:00,
WebGLPlayer,22fc9907-0869-48e8-929a-ee8dadf3284f,1,1,100,,1.1,,100,https://html-classic.itch.zone/html/16537285-1546101/index.html?v=1772508675,1772512951.0,fUGeNxedDPgfRip9tgOo,1772512951867,Dog
WebGLPlayer,dd45b31c-7ee3-4f57-aa3d-bd465a10fb42,1,1,100,,1.1,,100,https://html-classic.itch.zone/html/16537285-1546101/index.html?v=1772508675,1772675205.0,faFtHRDF1rC7D6qonIT6,1772675205008,Dog
WebGLPlayer,3e570f88-d491-4348-bcae-97ec49934a2b,1,1,100,,1.1,,100,https://html-classic.itch.zone/html/16537285-1546101/index.html?v=1772508675,1772574394.0,g6jNoxhtlcWArTN05Zz3,1772574394564,Dog
WebGLPlayer,c727dee3-8d07-4537-b118-906a91092bef,2,1,6,,1.1,,8,https://html-classic.itch.zone/html/16537285-1546101/index.html?v=1772508675,1772587306.0,g9AmTUx01qNB7hHHDUCz,1772587306550,Dog
WebGLPlayer,de227f93-8632-4b43-89db-9eb7dfc925de,1,2,25,,1.1,,27,https://html-classic.itch.zone/html/16537285-1546101/index.html?v=1772508675,1772510958.0,gD6oEtzoeE7revuBnNB6,1772510958229,Dog
WebGLPlayer,abe7a704-a290-487d-bf25-e1a1be6e86ac,1,1,100,,1.1,,100,https://html-classic.itch.zone/html/16537285-1546101/index.html?v=1772508675,1772581180.0,gD7NKM12Cn7LmgrpSdnh,1772581180667,Dog
WebGLPlayer,8728d281-fc44-4ac7-a69d-81e9103f303a,1,1,100,,1.1,,100,https://html-classic.itch.zone/html/16537285-1546101/index.html?v=1772508675,1772574301.0,gHor1f6yFEq7qsH7pRem,1772574301032,Dog
WebGLPlayer,e889ad18-578c-42c8-ba67-b87ee1d0f6ed,1,1,100,0.0,1.2,0.0,100,https://html-classic.itch.zone/html/16537285-1556842/WebGL/index.html?v=1773204363,1773438932.0,ge3LgMqMm6DxPSOp957z,,
WebGLPlayer,e7a86bc3-4385-4dae-b96b-80ec5bb16bab,1,1,100,,1.1,,100,https://html-classic.itch.zone/html/16537285-1546101/index.html?v=1772508675,1772674103.0,gfzYNOblxnmeTq0TtV7S,1772674103982,Dog
WebGLPlayer,24bbaba8-dc51-4a09-b007-88a9522667a4,2,1,17,1.0,1.2,0.0,14,https://html-classic.itch.zone/html/16537285-1556842/WebGL/index.html?v=1773204363,1773256521.0,h3dlOcOiP63qnVnh0Xbx,,
WebGLPlayer,70b5ddbc-6a25-4fe0-b987-a1478fb55fe6,1,4,100,,1.0,,100,https://html-classic.itch.zone/html/16537285-1538396/index.html?v=1771980144,,hCzROvLaepDC7Nt0OKt5,2026-02-25 05:05:11.184000+00:00,
WebGLPlayer,c727dee3-8d07-4537-b118-906a91092bef,2,1,6,,1.1,,8,https://html-classic.itch.zone/html/16537285-1546101/index.html?v=1772508675,1772586990.0,hH2SaZaIQglrGkFo04hd,1772586990009,Dog
WebGLPlayer,42993cc6-9738-4aac-ae31-6d6f44a79105,1,1,100,,1.1,,100,https://html-classic.itch.zone/html/16537285-1546101/index.html?v=1772508675,1772672518.0,hIWXjSOgqIE3Sid7O713,1772672518875,Dog
WebGLPlayer,2d5ef946-9e9a-4018-b0d8-4d3f20014078,1,1,100,,1.1,,100,https://html-classic.itch.zone/html/16537285-1546101/index.html?v=1772508675,1772571391.0,hbhP0FsHFazYnizcp5Ob,1772571391500,Dog
WebGLPlayer,ed1da240-bdee-4af5-b0aa-d97140d7d27d,2,2,23,0.0,1.2,0.0,23,https://html-classic.itch.zone/html/16537285-1556842/WebGL/index.html?v=1773204363,1773258426.0,hqqzD7Tnin541azCyNRd,,
WebGLPlayer,0e885dc1-c373-4942-af80-d5caac9c4d5d,2,1,25,,1.1,,25,https://html-classic.itch.zone/html/16537285-1546101/index.html?v=1772508675,1772744971.0,hwWGrTmL3svTl7EnCldo,1772744971654,Dog
WebGLPlayer,6890b777-81da-4a16-bd22-e1463f6d3701,2,1,9,1.0,1.2,0.0,10,https://html-classic.itch.zone/html/16537285-1556842/WebGL/index.html?v=1773204363,1773256865.0,iDjsUYOZ8pAn6J8RWDDn,,
WebGLPlayer,de227f93-8632-4b43-89db-9eb7dfc925de,1,2,25,,1.1,,27,https://html-classic.itch.zone/html/16537285-1546101/index.html?v=1772508675,1772510902.0,iU8mZf2nFKk35eEPMJRl,1772510902739,Dog
WebGLPlayer,abe7a704-a290-487d-bf25-e1a1be6e86ac,1,1,100,,1.1,,100,https://html-classic.itch.zone/html/16537285-1546101/index.html?v=1772508675,1772581157.0,iZagg9BcQ9E1g8x6tKtH,1772581157662,Dog
WebGLPlayer,ed1da240-bdee-4af5-b0aa-d97140d7d27d,2,5,49,0.0,1.2,0.0,46,https://html-classic.itch.zone/html/16537285-1556842/WebGL/index.html?v=1773204363,1773275775.0,ibMzafgUmrVptd2P62fF,,
WebGLPlayer,3fa752ab-40eb-4e77-aca7-ce8162fd64e6,1,1,100,,1.1,,100,https://html-classic.itch.zone/html/16537285-1546101/index.html?v=1772508675,1772574541.0,igBj78GXHXCYNcD7f1TI,1772574541544,Dog
WebGLPlayer,ed1da240-bdee-4af5-b0aa-d97140d7d27d,2,5,49,0.0,1.2,0.0,46,https://html-classic.itch.zone/html/16537285-1556842/WebGL/index.html?v=1773204363,1773275775.0,ikQPsqPdQBwd1MPVwSuK,,
WebGLPlayer,6890b777-81da-4a16-bd22-e1463f6d3701,2,5,7,1.0,1.2,0.0,9,https://html-classic.itch.zone/html/16537285-1556842/WebGL/index.html?v=1773204363,1773513531.0,jC3N58LhLWaheT0oFQ4s,,
WebGLPlayer,42993cc6-9738-4aac-ae31-6d6f44a79105,1,1,100,,1.1,,100,https://html-classic.itch.zone/html/16537285-1546101/index.html?v=1772508675,1772672518.0,jgoconxYCKvQSBiEHHoZ,1772672518873,Dog
WebGLPlayer,3fa752ab-40eb-4e77-aca7-ce8162fd64e6,1,1,100,,1.1,,100,https://html-classic.itch.zone/html/16537285-1546101/index.html?v=1772508675,1772574477.0,k8Iy5YX8pOm2pLzQ1UqT,1772574477093,Dog
WebGLPlayer,42993cc6-9738-4aac-ae31-6d6f44a79105,1,1,100,,1.1,,100,https://html-classic.itch.zone/html/16537285-1546101/index.html?v=1772508675,1772672535.0,kXTkLNAfajkXf8NjMCEy,1772672535859,Dog
WebGLPlayer,3e570f88-d491-4348-bcae-97ec49934a2b,1,1,100,,1.1,,100,https://html-classic.itch.zone/html/16537285-1546101/index.html?v=1772508675,1772574329.0,kYa2DqGtHfC3Colj50Iz,1772574329704,Dog
WebGLPlayer,c727dee3-8d07-4537-b118-906a91092bef,2,1,2,,1.1,,4,https://html-classic.itch.zone/html/16537285-1546101/index.html?v=1772508675,1772588110.0,kcduqT0sOXSzWtuWYdt6,1772588110427,Dog
WebGLPlayer,ed1da240-bdee-4af5-b0aa-d97140d7d27d,2,2,23,0.0,1.2,0.0,23,https://html-classic.itch.zone/html/16537285-1556842/WebGL/index.html?v=1773204363,1773258563.0,ktTT4WgTFLUWN5S25RHK,,
WebGLPlayer,12ea51bf-5b57-4891-a08f-a0a9cb036581,1,4,54,,1.0,,47,https://bmanske505.github.io/Escape-The-Forest/,,l8GrHUMBh83DlryanaS0,2026-02-26 02:14:54.477000+00:00,
WebGLPlayer,4ba415ef-8d1a-4f0c-9d99-af4c6cbb28d9,1,4,100,,1.0,,100,https://bmanske505.github.io/Escape-The-Forest/,,lQuf9aohWKroBWbeZUZy,2026-02-28 00:22:46.333000+00:00,
WebGLPlayer,6890b777-81da-4a16-bd22-e1463f6d3701,2,5,7,1.0,1.2,0.0,9,https://html-classic.itch.zone/html/16537285-1556842/WebGL/index.html?v=1773204363,1773513531.0,lVb3dil9ERRGzlWV4CHC,,
WebGLPlayer,535c35fa-1611-4b2c-9a64-0a7b01315073,1,1,100,,1.1,,100,https://html-classic.itch.zone/html/16537285-1546101/index.html?v=1772508675,1772570484.0,lXM9rGlFXwOV12gPXuDo,1772570484881,Dog
WebGLPlayer,6890b777-81da-4a16-bd22-e1463f6d3701,2,1,9,1.0,1.2,0.0,10,https://html-classic.itch.zone/html/16537285-1556842/WebGL/index.html?v=1773204363,1773254667.0,m2GY8y6PGWvfUDSRnVKd,,
WebGLPlayer,e0387235-a3d5-4ddd-8fa6-bda81981cc26,1,1,100,,1.1,,100,https://html-classic.itch.zone/html/16537285-1546101/index.html?v=1772508675,1772649755.0,m6oUQEHSdKgKpjVoDbzw,1772649755077,Dog
WebGLPlayer,1f510df4-b380-4bf3-9798-b3c6f23e8d37,1,2,5,,1.1,,5,https://html-classic.itch.zone/html/16537285-1546101/index.html?v=1772508675,1772549479.0,mO3LzJZGK76NsSUoj2zF,1772549479747,Dog
WebGLPlayer,de227f93-8632-4b43-89db-9eb7dfc925de,1,2,18,,1.1,,19,https://html-classic.itch.zone/html/16537285-1546101/index.html?v=1772508675,1772511002.0,mVRRc8mYqOkU6vqSoceF,1772511002788,Dog
WebGLPlayer,dd45b31c-7ee3-4f57-aa3d-bd465a10fb42,1,1,100,,1.1,,100,https://html-classic.itch.zone/html/16537285-1546101/index.html?v=1772508675,1772682540.0,mcMRUWBDTBNU17P8Hymg,1772682540775,Dog
WebGLPlayer,de227f93-8632-4b43-89db-9eb7dfc925de,1,3,8,,1.1,,7,https://html-classic.itch.zone/html/16537285-1546101/index.html?v=1772508675,1772511731.0,mcXl5YrtFiga96e3bEtG,1772511731086,Dog
WebGLPlayer,5fdb2967-8a87-431a-b231-c866b4426d74,1,1,100,,1.1,,100,https://html-classic.itch.zone/html/16537285-1546101/index.html?v=1772508675,1772614355.0,mdoyB368NJrxHxtTRksa,1772614355954,Dog
WebGLPlayer,c727dee3-8d07-4537-b118-906a91092bef,2,1,2,,1.1,,4,https://html-classic.itch.zone/html/16537285-1546101/index.html?v=1772508675,1772588130.0,motGEl6wTJBSYFvNNiUQ,1772588130458,Dog
WebGLPlayer,9499e297-7432-4864-933c-088679dad8ff,1,1,100,1.0,1.2,0.0,100,https://html-classic.itch.zone/html/16537285-1556842/WebGL/index.html?v=1773204363,1773333710.0,mtEjrzTLbohoubuqnemP,,
WebGLPlayer,d0fcd681-1078-40f5-9599-5084f7b318ae,1,5,100,1.0,1.2,0.0,100,https://html-classic.itch.zone/html/16537285-1556842/WebGL/index.html?v=1773204363,1773604711.0,nTFs59GjSDHkoPVJ2OOO,,
WebGLPlayer,24bbaba8-dc51-4a09-b007-88a9522667a4,2,4,17,1.0,1.2,0.0,14,https://html-classic.itch.zone/html/16537285-1556842/WebGL/index.html?v=1773204363,1773257365.0,nkUSx8nAITS1Rhi4any8,,
WebGLPlayer,4ba415ef-8d1a-4f0c-9d99-af4c6cbb28d9,3,1,100,,1.1,,100,https://bmanske505.github.io/Escape-The-Forest/,1772574680.0,nnRJiSYQE9jSd57PUReX,1772574680196,Dog
WebGLPlayer,6890b777-81da-4a16-bd22-e1463f6d3701,2,1,4,1.0,1.2,0.0,5,https://html-classic.itch.zone/html/16537285-1556842/WebGL/index.html?v=1773204363,1773263904.0,ntWunpiFcQyzt9JTA2q8,,
WebGLPlayer,0e885dc1-c373-4942-af80-d5caac9c4d5d,2,1,25,,1.1,,25,https://html-classic.itch.zone/html/16537285-1546101/index.html?v=1772508675,1772745084.0,nxOx7xYecSB4KWV1CTP4,1772745084687,Dog
WebGLPlayer,7df36adf-44de-4187-9323-696cee2fb545,1,4,100,,1.0,,100,https://html-classic.itch.zone/html/16537285-1538396/index.html?v=1771980144,,o1gVvl455dWyFhW50aZr,2026-02-25 05:28:05.363000+00:00,
WebGLPlayer,d0826227-0ba6-40a9-88b0-823d1c437007,2,4,100,,1.0,,100,https://html-classic.itch.zone/html/16537285-1539301/index.html?v=1772048211,,o436ehBRoBKneuTIOGHP,2026-02-26 00:27:08.620000+00:00,
WebGLPlayer,c727dee3-8d07-4537-b118-906a91092bef,2,1,18,,1.1,,17,https://html-classic.itch.zone/html/16537285-1546101/index.html?v=1772508675,1772559689.0,o8tyB5OUWaJNrdpLqhYC,1772559689539,Dog
WebGLPlayer,ca2cf188-edc4-488c-8bd4-2d6abc9c7df5,1,1,100,,1.1,,100,https://html-classic.itch.zone/html/16537285-1546101/index.html?v=1772508675,1772580869.0,oGNo8wcywTag5bDU4nFX,1772580869811,Dog
WebGLPlayer,712f33c6-7c98-4830-b143-7b066276a967,1,1,100,,1.1,,100,https://html-classic.itch.zone/html/16537285-1546101/index.html?v=1772508675,1772586749.0,ol6oJubHmKcibgkOw0Pv,1772586749972,Dog
WebGLPlayer,90ae50a2-1e30-46e6-ac38-7a23acdfbef8,1,1,100,,1.1,,100,https://html-classic.itch.zone/html/16537285-1546101/index.html?v=1772508675,1772518082.0,pGEm3HePxG79bPOCEUrJ,1772518082750,Dog
WebGLPlayer,2d5ef946-9e9a-4018-b0d8-4d3f20014078,1,1,100,,1.1,,100,https://html-classic.itch.zone/html/16537285-1546101/index.html?v=1772508675,1772571835.0,pW3kyc6diUhIcEWt08L5,1772571835822,Dog
WebGLPlayer,c727dee3-8d07-4537-b118-906a91092bef,2,1,2,,1.1,,4,https://html-classic.itch.zone/html/16537285-1546101/index.html?v=1772508675,1772588031.0,pXLwqzLJc8scWbjdHPhc,1772588031022,Dog
WebGLPlayer,55597b92-93c4-40b8-bc6e-3eb02df12ed6,1,1,100,,1.1,,100,https://html-classic.itch.zone/html/16537285-1546101/index.html?v=1772508675,1772513092.0,phGJwjaTl2aXhHOE02ju,1772513092843,Dog
WebGLPlayer,24bbaba8-dc51-4a09-b007-88a9522667a4,2,6,17,1.0,1.2,0.0,14,https://html-classic.itch.zone/html/16537285-1556842/WebGL/index.html?v=1773204363,1773258051.0,pnYFkZseNJeVo4vuw6Cb,,
WebGLPlayer,24bbaba8-dc51-4a09-b007-88a9522667a4,2,6,17,1.0,1.2,0.0,14,https://html-classic.itch.zone/html/16537285-1556842/WebGL/index.html?v=1773204363,1773258147.0,qU17j3mQhCiGbDL7XZiR,,
WebGLPlayer,49c5ee18-51b7-47e1-bc7c-23b6da2855ae,1,1,100,,1.1,,100,https://html-classic.itch.zone/html/16537285-1546101/index.html?v=1772508675,1772595960.0,qehu53Cx5RfeNHFZeD13,1772595960025,Dog
WebGLPlayer,918a5f2b-58b5-49b5-8927-3576999fb2f9,1,4,100,0.0,1.2,0.0,100,https://html-classic.itch.zone/html/16537285-1556842/WebGL/index.html?v=1773204363,1773358606.0,qoUzE0IKkLkckwloFnEM,,
WebGLPlayer,fb093188-7616-4e0f-8509-4279e51245ec,1,6,100,,1.0,,100,https://html-classic.itch.zone/html/16537285-1538396/index.html?v=1771980144,,qyvxDKuicLD31syL2YTI,2026-02-25 05:48:22.039000+00:00,
WebGLPlayer,ed1da240-bdee-4af5-b0aa-d97140d7d27d,2,2,23,0.0,1.2,0.0,23,https://html-classic.itch.zone/html/16537285-1556842/WebGL/index.html?v=1773204363,1773258563.0,qzrStIEEuQCHAySnTqA7,,
WebGLPlayer,12ea51bf-5b57-4891-a08f-a0a9cb036581,1,4,54,,1.0,,47,https://bmanske505.github.io/Escape-The-Forest/,,r6K9GlJxfXGz3Aze9toL,2026-02-26 02:18:17.884000+00:00,
WebGLPlayer,de227f93-8632-4b43-89db-9eb7dfc925de,1,1,100,,1.1,,100,https://html-classic.itch.zone/html/16537285-1546101/index.html?v=1772508675,1772510500.0,r9oRYmAFGyaxISzLP3lR,1772510500172,Dog
WebGLPlayer,48d112f6-a109-4804-95d5-fd9956b1ade6,1,4,100,,1.0,,100,https://html-classic.itch.zone/html/16537285-1538396/index.html?v=1771980144,,rC04d35Ch7NCuvOVe30H,2026-02-25 01:51:44.135000+00:00,
WebGLPlayer,6890b777-81da-4a16-bd22-e1463f6d3701,2,1,4,1.0,1.2,0.0,5,https://html-classic.itch.zone/html/16537285-1556842/WebGL/index.html?v=1773204363,1773264181.0,rD8nxTdQIhCDHEmgiQjB,,
WebGLPlayer,de227f93-8632-4b43-89db-9eb7dfc925de,1,1,100,,1.1,,100,https://html-classic.itch.zone/html/16537285-1546101/index.html?v=1772508675,1772510577.0,rIs1hwXJnykcNPmiFmNX,1772510577922,Dog
WebGLPlayer,9499e297-7432-4864-933c-088679dad8ff,1,1,100,1.0,1.2,0.0,100,https://html-classic.itch.zone/html/16537285-1556842/WebGL/index.html?v=1773204363,1773333710.0,rcGZt5DhDmky4EMFWBDC,,
WebGLPlayer,10399faa-8e46-46d7-95ef-6e50cb706ee6,1,4,100,,1.0,,100,https://html-classic.itch.zone/html/16537285-1538396/index.html?v=1771980144,,rexnC79Q4PDgcH5Cxj90,2026-02-25 05:41:15.839000+00:00,
WebGLPlayer,4ba415ef-8d1a-4f0c-9d99-af4c6cbb28d9,1,4,100,,1.0,,100,https://bmanske505.github.io/Escape-The-Forest/,,rwdD6XePP60ndNXtLvbH,2026-02-28 00:22:46.269000+00:00,
WebGLPlayer,c727dee3-8d07-4537-b118-906a91092bef,2,1,6,,1.1,,8,https://html-classic.itch.zone/html/16537285-1546101/index.html?v=1772508675,1772587779.0,s802Qv7lwKciFTBJCNjh,1772587779668,Dog
WebGLPlayer,90ae50a2-1e30-46e6-ac38-7a23acdfbef8,1,2,100,,1.1,,100,https://html-classic.itch.zone/html/16537285-1546101/index.html?v=1772508675,1772518326.0,sFgr7VvuUKF2kvJRcZAz,1772518326818,Dog
WebGLPlayer,c727dee3-8d07-4537-b118-906a91092bef,2,1,18,,1.1,,17,https://html-classic.itch.zone/html/16537285-1546101/index.html?v=1772508675,1772559631.0,sQCBKwUpu0hZ39kzXshr,1772559631351,Dog
WebGLPlayer,de227f93-8632-4b43-89db-9eb7dfc925de,1,2,25,,1.1,,27,https://html-classic.itch.zone/html/16537285-1546101/index.html?v=1772508675,1772510927.0,sYL19lSrNQtF9F6SYmb2,1772510927556,Dog
WebGLPlayer,ed1da240-bdee-4af5-b0aa-d97140d7d27d,2,5,49,0.0,1.2,0.0,46,https://html-classic.itch.zone/html/16537285-1556842/WebGL/index.html?v=1773204363,1773276177.0,tZSjuXvmOBduQSUNcTt1,,
WebGLPlayer,05c9809b-f15b-4a30-af0c-d20d66f6c816,1,4,100,,1.0,,100,https://html-classic.itch.zone/html/16537285-1539301/index.html?v=1772048211,,twFhF6CC66hqTRDuRLC2,2026-02-26 07:10:18.543000+00:00,
WebGLPlayer,2d5ef946-9e9a-4018-b0d8-4d3f20014078,1,1,100,,1.1,,100,https://html-classic.itch.zone/html/16537285-1546101/index.html?v=1772508675,1772571429.0,tzKtzsjYRAcKA4rz6QAY,1772571429312,Dog
WebGLPlayer,ed1da240-bdee-4af5-b0aa-d97140d7d27d,2,3,49,0.0,1.2,0.0,46,https://html-classic.itch.zone/html/16537285-1556842/WebGL/index.html?v=1773204363,1773273384.0,uClLRPZJxskMErWojb7D,,
WebGLPlayer,2d5ef946-9e9a-4018-b0d8-4d3f20014078,1,1,100,,1.1,,100,https://html-classic.itch.zone/html/16537285-1546101/index.html?v=1772508675,1772571850.0,uDyni5wDrnNdfbe2jIjA,1772571850311,Dog
WebGLPlayer,4ba415ef-8d1a-4f0c-9d99-af4c6cbb28d9,3,2,100,,1.1,,100,https://bmanske505.github.io/Escape-The-Forest/,1772574819.0,uIAGIMlqvKway50C21Hr,1772574819922,Dog
WebGLPlayer,05c9809b-f15b-4a30-af0c-d20d66f6c816,1,4,100,,1.0,,100,https://html-classic.itch.zone/html/16537285-1539301/index.html?v=1772048211,,uY0rR94hEUhdYgUDAzil,2026-02-26 07:13:04.060000+00:00,
WebGLPlayer,62b09417-f674-4b7a-b56f-a1c316654ba1,1,2,100,0.0,1.2,0.0,100,https://html-classic.itch.zone/html/16537285-1556842/WebGL/index.html?v=1773204363,1773268108.0,umFNkWtScwjjdOG9SF1I,,
WebGLPlayer,2d5ef946-9e9a-4018-b0d8-4d3f20014078,1,1,100,,1.1,,100,https://html-classic.itch.zone/html/16537285-1546101/index.html?v=1772508675,1772571780.0,uyIdnagbBYjRAkGsW6gM,1772571780887,Dog
WebGLPlayer,c727dee3-8d07-4537-b118-906a91092bef,2,1,6,,1.1,,8,https://html-classic.itch.zone/html/16537285-1546101/index.html?v=1772508675,1772587438.0,wJStZvpv4Y40crJQaZzn,1772587438019,Dog
WebGLPlayer,1392a9cb-4d35-4d01-97b0-dbce79f0e513,1,1,100,0.0,1.2,0.0,100,https://html-classic.itch.zone/html/16537285-1556842/WebGL/index.html?v=1773204363,1773444067.0,wRGke44diseD5Gyb0nfX,,
WebGLPlayer,22fc9907-0869-48e8-929a-ee8dadf3284f,1,1,100,,1.1,,100,https://html-classic.itch.zone/html/16537285-1546101/index.html?v=1772508675,1772513038.0,wXrWV3014f83sPPULWV3,1772513038877,Dog
WebGLPlayer,1f510df4-b380-4bf3-9798-b3c6f23e8d37,1,2,5,,1.1,,5,https://html-classic.itch.zone/html/16537285-1546101/index.html?v=1772508675,1772549414.0,wZMOduVdnN56MjPKYBox,1772549414363,Dog
WebGLPlayer,55597b92-93c4-40b8-bc6e-3eb02df12ed6,1,1,100,,1.1,,100,https://html-classic.itch.zone/html/16537285-1546101/index.html?v=1772508675,1772512961.0,wemx1NhLAK0Rt7w1qiQk,1772512961867,Dog
WebGLPlayer,c727dee3-8d07-4537-b118-906a91092bef,2,1,2,,1.1,,4,https://html-classic.itch.zone/html/16537285-1546101/index.html?v=1772508675,1772588220.0,wfuqqNC1f5y5uWLMxznX,1772588220620,Dog
WebGLPlayer,de227f93-8632-4b43-89db-9eb7dfc925de,1,2,10,,1.1,,12,https://html-classic.itch.zone/html/16537285-1546101/index.html?v=1772508675,1772511095.0,wnJfNSS083xcDpWNbbp7,1772511095698,Dog
WebGLPlayer,2b5f5563-355f-4ed4-be41-a21cfbb88aea,1,4,100,,1.0,,100,https://html-classic.itch.zone/html/16537285-1539301/index.html?v=1772048211,,wrvA5xlWLBAGwyS8Wy0g,2026-02-26 03:45:54.318000+00:00,
WebGLPlayer,42993cc6-9738-4aac-ae31-6d6f44a79105,1,2,100,,1.1,,100,https://html-classic.itch.zone/html/16537285-1546101/index.html?v=1772508675,1772672676.0,wuwuZYxORESrLrh60XnL,1772672676368,Dog
WebGLPlayer,c727dee3-8d07-4537-b118-906a91092bef,2,1,6,,1.1,,8,https://html-classic.itch.zone/html/16537285-1546101/index.html?v=1772508675,1772587198.0,xWcXHwzWTdD10DVrblcC,1772587198286,Dog
WebGLPlayer,24bbaba8-dc51-4a09-b007-88a9522667a4,2,4,17,1.0,1.2,0.0,14,https://html-classic.itch.zone/html/16537285-1556842/WebGL/index.html?v=1773204363,1773257219.0,xab18aJeJzrQAYSKWgnv,,
WebGLPlayer,7f53d27a-c359-41ae-835d-2a74c9d49126,1,1,100,,1.1,,100,https://html-classic.itch.zone/html/16537285-1546101/index.html?v=1772508675,1772600338.0,xlc7OgFOSxA6WirQjP87,1772600338140,Dog
WebGLPlayer,2d5ef946-9e9a-4018-b0d8-4d3f20014078,1,1,100,,1.1,,100,https://html-classic.itch.zone/html/16537285-1546101/index.html?v=1772508675,1772571874.0,xvIFt1DgMtVxcYKaNlwq,1772571874704,Dog
WebGLPlayer,d9ff913c-bfc2-467c-9042-9862e7cb4339,1,2,100,1.0,1.2,0.0,100,https://html-classic.itch.zone/html/16537285-1556842/WebGL/index.html?v=1773204363,1773610050.0,y8QROjPS9bIkperwr5GU,,
WebGLPlayer,6890b777-81da-4a16-bd22-e1463f6d3701,2,2,7,1.0,1.2,0.0,9,https://html-classic.itch.zone/html/16537285-1556842/WebGL/index.html?v=1773204363,1773264407.0,yKaC5t7MdVZfuu8KVRaf,,
WebGLPlayer,6890b777-81da-4a16-bd22-e1463f6d3701,2,5,7,1.0,1.2,0.0,9,https://html-classic.itch.zone/html/16537285-1556842/WebGL/index.html?v=1773204363,1773265700.0,yQU61HCDvjwiaAAPIOs6,,
WebGLPlayer,e0387235-a3d5-4ddd-8fa6-bda81981cc26,1,3,100,,1.1,,100,https://html-classic.itch.zone/html/16537285-1546101/index.html?v=1772508675,1772650227.0,yjCpjMpx4QaD2kmGhl7N,1772650227749,Dog
WebGLPlayer,2b5f5563-355f-4ed4-be41-a21cfbb88aea,1,4,100,,1.0,,100,https://html-classic.itch.zone/html/16537285-1539301/index.html?v=1772048211,,z3GDXssVk0pnTvIfDAK9,2026-02-26 03:50:14.394000+00:00,
WebGLPlayer,6890b777-81da-4a16-bd22-e1463f6d3701,2,1,4,1.0,1.2,0.0,5,https://html-classic.itch.zone/html/16537285-1556842/WebGL/index.html?v=1773204363,1773264149.0,zAq40DSZtX2st6kxE45B,,
WebGLPlayer,c727dee3-8d07-4537-b118-906a91092bef,2,1,18,,1.1,,17,https://html-classic.itch.zone/html/16537285-1546101/index.html?v=1772508675,1772559631.0,zirdCj8GUcLdLH5BE1Er,1772559631348,Dog
WebGLPlayer,10399faa-8e46-46d7-95ef-6e50cb706ee6,1,4,100,,1.0,,100,https://html-classic.itch.zone/html/16537285-1538396/index.html?v=1771980144,,zm4I96rszdII9wigtg4J,2026-02-25 05:46:20.476000+00:00,
WebGLPlayer,56d0a467-5390-4bc8-9f5a-ecdd8ccab9f3,1,1,100,,1.1,,100,https://html-classic.itch.zone/html/16537285-1546101/index.html?v=1772508675,1772577974.0,zobd4r3W5igY7eZuRWMZ,1772577974246,Dog
