platform,level,cause,sensitivity_y,sensitivity_x,version,playthrough,timestamp,userId,domain,_doc_id,music,unix_time,ab_group
WebGLPlayer,4,abandoned,100,100,1.0,1,2026-02-26 07:12:46.121000+00:00,05c9809b-f15b-4a30-af0c-d20d66f6c816,https://html-classic.itch.zone/html/16537285-1539301/index.html?v=1772048211,01xtKrguHR9RxIhIoFr3,,,
WebGLPlayer,1,trigger,100,100,1.0,1,2026-02-28 00:15:53.193000+00:00,4ba415ef-8d1a-4f0c-9d99-af4c6cbb28d9,https://bmanske505.github.io/Escape-The-Forest/,0B3z7L01GbzalFzY0xHJ,,,
WebGLPlayer,4,abandoned,100,100,1.0,1,2026-02-26 07:04:26.266000+00:00,05c9809b-f15b-4a30-af0c-d20d66f6c816,https://html-classic.itch.zone/html/16537285-1539301/index.html?v=1772048211,0SYlPwUFo5opgD1hyNBZ,,,
WebGLPlayer,4,trigger,100,100,1.0,1,2026-02-25 02:44:17.185000+00:00,98df4f7c-2f7d-4336-8e31-98e565231e8f,https://html-classic.itch.zone/html/16537285-1538396/index.html?v=1771980144,19B1K6dEJpddBZaFuGkn,,,
WebGLPlayer,6,,14,17,1.2,2,,24bbaba8-dc51-4a09-b007-88a9522667a4,https://html-classic.itch.zone/html/16537285-1556842/WebGL/index.html?v=1773204363,1BQ2s95qjCtsmJjmOWiC,0.0,1773258090.0,1.0
WebGLPlayer,3,,46,49,1.2,2,,ed1da240-bdee-4af5-b0aa-d97140d7d27d,https://html-classic.itch.zone/html/16537285-1556842/WebGL/index.html?v=1773204363,1DTuS0ittVkcoyx5kAO4,0.0,1773273182.0,0.0
WebGLPlayer,3,trigger,100,100,1.0,1,2026-02-28 00:19:22.827000+00:00,4ba415ef-8d1a-4f0c-9d99-af4c6cbb28d9,https://bmanske505.github.io/Escape-The-Forest/,1VfMoo2LPqMLolGvBVWS,,,
WebGLPlayer,2,trigger,100,100,1.0,1,2026-02-26 20:46:58.081000+00:00,140c3497-a723-4a52-8bb9-582edf7fd8b9,https://html-classic.itch.zone/html/16537285-1539301/index.html?v=1772048211,1fAryzyd7mvL9AjJJV2S,,,
WebGLPlayer,1,trigger,100,100,1.0,1,2026-02-25 01:26:40.066000+00:00,c896b358-4b46-4219-9b4f-e9cd038beb70,https://html-classic.itch.zone/html/16537285-1538396/index.html?v=1771980144,1r1f2hUHtwu39nZukfFm,,,
WebGLPlayer,4,abandoned,100,100,1.0,1,2026-02-25 05:42:23.490000+00:00,10399faa-8e46-46d7-95ef-6e50cb706ee6,https://html-classic.itch.zone/html/16537285-1538396/index.html?v=1771980144,1rhY2UJPKovXMm27rGaT,,,
WebGLPlayer,4,abandoned,100,100,1.0,1,2026-02-25 01:52:01.692000+00:00,48d112f6-a109-4804-95d5-fd9956b1ade6,https://html-classic.itch.zone/html/16537285-1538396/index.html?v=1771980144,2EkTLdJ0ANiyzzCVNpOX,,,
WebGLPlayer,3,trigger,100,100,1.0,1,2026-02-25 04:45:29.672000+00:00,70b5ddbc-6a25-4fe0-b987-a1478fb55fe6,https://html-classic.itch.zone/html/16537285-1538396/index.html?v=1771980144,2ctBhZU884063ZSJOwJ7,,,
WebGLPlayer,5,trigger,100,100,1.0,1,2026-02-25 05:49:36.398000+00:00,10399faa-8e46-46d7-95ef-6e50cb706ee6,https://html-classic.itch.zone/html/16537285-1538396/index.html?v=1771980144,2iM0g5R0mGXlwtzP5jrZ,,,
WebGLPlayer,3,,100,100,1.2,1,,9499e297-7432-4864-933c-088679dad8ff,https://html-classic.itch.zone/html/16537285-1556842/WebGL/index.html?v=1773204363,31pFJeQylYQw4I8fySjg,0.0,1773333980.0,1.0
WebGLPlayer,3,trigger,100,100,1.0,1,2026-02-26 03:40:26.012000+00:00,2b5f5563-355f-4ed4-be41-a21cfbb88aea,https://html-classic.itch.zone/html/16537285-1539301/index.html?v=1772048211,36QR37GKKhspa0AQ6QNJ,,,
WebGLPlayer,2,trigger,100,100,1.0,1,2026-02-25 05:35:39.533000+00:00,10399faa-8e46-46d7-95ef-6e50cb706ee6,https://html-classic.itch.zone/html/16537285-1538396/index.html?v=1771980144,39i4tbndaJLx3eG7y4bW,,,
WebGLPlayer,4,,100,100,1.2,1,,d0fcd681-1078-40f5-9599-5084f7b318ae,https://html-classic.itch.zone/html/16537285-1556842/WebGL/index.html?v=1773204363,3dbqVdra3oNjXzeyuq5x,0.0,1773604605.0,1.0
WebGLPlayer,6,,14,17,1.2,2,,24bbaba8-dc51-4a09-b007-88a9522667a4,https://html-classic.itch.zone/html/16537285-1556842/WebGL/index.html?v=1773204363,3xM8CsKcEPsDEhU4Fukr,0.0,1773257933.0,1.0
WebGLPlayer,4,trigger,100,100,1.0,1,2026-02-26 07:05:52.799000+00:00,05c9809b-f15b-4a30-af0c-d20d66f6c816,https://html-classic.itch.zone/html/16537285-1539301/index.html?v=1772048211,4SEZ4PxPr4Z5chWv7ilW,,,
WebGLPlayer,3,trigger,100,100,1.1,1,1772650196297,e0387235-a3d5-4ddd-8fa6-bda81981cc26,https://html-classic.itch.zone/html/16537285-1546101/index.html?v=1772508675,4TCQ5llLKS41Gmbg0JFa,,1772650196.0,
WebGLPlayer,3,trigger,47,54,1.0,1,2026-02-26 02:10:13.912000+00:00,12ea51bf-5b57-4891-a08f-a0a9cb036581,https://bmanske505.github.io/Escape-The-Forest/,4vdDIFa2wGTBCwQ31jFr,,,
WebGLPlayer,3,trigger,100,100,1.1,1,1772682751596,dd45b31c-7ee3-4f57-aa3d-bd465a10fb42,https://html-classic.itch.zone/html/16537285-1546101/index.html?v=1772508675,510GTkoyTmAqfJ8PPVcw,,1772682751.0,
WebGLPlayer,5,,9,7,1.2,2,,6890b777-81da-4a16-bd22-e1463f6d3701,https://html-classic.itch.zone/html/16537285-1556842/WebGL/index.html?v=1773204363,58MAC6Og15A9KVrf0dZk,0.0,1773513497.0,1.0
WebGLPlayer,3,trigger,100,100,1.2,1,,57c48638-55d9-4d24-b8f3-10744af3109e,https://html-classic.itch.zone/html/16537285-1556772/WebGL/WebGL/index.html?v=1773201038,5W4w0MnFT5WHlbMJswU1,0.0,1773201323.0,0.0
WebGLPlayer,3,trigger,100,100,1.0,1,2026-02-25 02:37:51.369000+00:00,98df4f7c-2f7d-4336-8e31-98e565231e8f,https://html-classic.itch.zone/html/16537285-1538396/index.html?v=1771980144,5owdmI87zq6lKQsQQaH5,,,
WebGLPlayer,2,trigger,100,100,1.0,1,2026-02-26 02:14:06.041000+00:00,5559dbb6-6a01-4a3f-bb34-05607bbc4d07,https://html-classic.itch.zone/html/16537285-1539301/index.html?v=1772048211,5uqL2vLsOnNropOMvVMX,,,
WebGLPlayer,5,abandoned,100,100,1.0,1,2026-02-25 05:50:13.928000+00:00,10399faa-8e46-46d7-95ef-6e50cb706ee6,https://html-classic.itch.zone/html/16537285-1538396/index.html?v=1771980144,6PPHYIDyoD94UBGMuli4,,,
WebGLPlayer,1,trigger,100,100,1.0,1,2026-02-25 01:45:56.254000+00:00,48d112f6-a109-4804-95d5-fd9956b1ade6,https://html-classic.itch.zone/html/16537285-1538396/index.html?v=1771980144,6RKh1oYNZHXJrK1aqJEx,,,
WebGLPlayer,4,stalker,100,100,1.0,1,2026-02-25 04:47:21.251000+00:00,70b5ddbc-6a25-4fe0-b987-a1478fb55fe6,https://html-classic.itch.zone/html/16537285-1538396/index.html?v=1771980144,6T1D2sX7PKNL8znP6q31,,,
WebGLPlayer,4,abandoned,100,100,1.0,1,2026-02-25 04:53:01.126000+00:00,70b5ddbc-6a25-4fe0-b987-a1478fb55fe6,https://html-classic.itch.zone/html/16537285-1538396/index.html?v=1771980144,7N3dDobHduVPx8RlbFjb,,,
WebGLPlayer,4,,14,17,1.2,2,,24bbaba8-dc51-4a09-b007-88a9522667a4,https://html-classic.itch.zone/html/16537285-1556842/WebGL/index.html?v=1773204363,7WsVFLKhI9qpJ3nog2fi,0.0,1773257257.0,1.0
WebGLPlayer,4,,100,100,1.2,1,,918a5f2b-58b5-49b5-8927-3576999fb2f9,https://html-classic.itch.zone/html/16537285-1556842/WebGL/index.html?v=1773204363,7aZYpRFg7FDwGTVrFXWC,0.0,1773358523.0,0.0
WebGLPlayer,3,trigger,100,100,1.1,3,1772586546558,4ba415ef-8d1a-4f0c-9d99-af4c6cbb28d9,https://bmanske505.github.io/Escape-The-Forest/,7dlHPHHjohFrHy3y1h22,,1772586546.0,
WebGLPlayer,5,,100,100,1.2,1,,d9ff913c-bfc2-467c-9042-9862e7cb4339,https://html-classic.itch.zone/html/16537285-1556842/WebGL/index.html?v=1773204363,7p2OHboxH6giiZLPQHjP,0.0,1773610424.0,1.0
WebGLPlayer,4,trigger,100,100,1.0,1,2026-02-25 05:45:05.614000+00:00,10399faa-8e46-46d7-95ef-6e50cb706ee6,https://html-classic.itch.zone/html/16537285-1538396/index.html?v=1771980144,80EQanHZAzCJz21xIpSD,,,
WebGLPlayer,6,,100,100,1.2,1,,918a5f2b-58b5-49b5-8927-3576999fb2f9,https://html-classic.itch.zone/html/16537285-1556842/WebGL/index.html?v=1773204363,8ekSCpxIUAUWZonH69kD,0.0,1773358984.0,0.0
WebGLPlayer,1,trigger,100,100,1.0,1,2026-02-25 18:33:53.731000+00:00,28e05da8-82dd-48f0-af05-a3e93b3b09ea,https://html-classic.itch.zone/html/16537285-1538396/index.html?v=1771980144,8jfBWnQTOd2LSXQQIQlO,,,
WebGLPlayer,5,,14,17,1.2,2,,24bbaba8-dc51-4a09-b007-88a9522667a4,https://html-classic.itch.zone/html/16537285-1556842/WebGL/index.html?v=1773204363,9119TvxVt0S2AWPzBGGR,0.0,1773257552.0,1.0
WebGLPlayer,3,trigger,100,100,1.0,1,2026-02-25 05:36:43.121000+00:00,10399faa-8e46-46d7-95ef-6e50cb706ee6,https://html-classic.itch.zone/html/16537285-1538396/index.html?v=1771980144,93vxlzuu0WYsDe0jKCry,,,
WebGLPlayer,2,trigger,100,100,1.0,1,2026-02-25 05:37:11.532000+00:00,fb093188-7616-4e0f-8509-4279e51245ec,https://html-classic.itch.zone/html/16537285-1538396/index.html?v=1771980144,9P9RCJcToyzNbmxP2wfi,,,
WebGLPlayer,4,abandoned,100,100,1.0,1,2026-02-25 04:49:19.106000+00:00,70b5ddbc-6a25-4fe0-b987-a1478fb55fe6,https://html-classic.itch.zone/html/16537285-1538396/index.html?v=1771980144,9PALUFhej1quWEFnNkMx,,,
WebGLPlayer,4,abandoned,100,100,1.0,1,2026-02-25 05:40:06.294000+00:00,fb093188-7616-4e0f-8509-4279e51245ec,https://html-classic.itch.zone/html/16537285-1538396/index.html?v=1771980144,9eIUvNpe8c2qgFSV7YBE,,,
WebGLPlayer,4,trigger,100,100,1.0,1,2026-02-26 04:02:31.335000+00:00,2b5f5563-355f-4ed4-be41-a21cfbb88aea,https://html-classic.itch.zone/html/16537285-1539301/index.html?v=1772048211,9nFiGFasIeHp5XBB9fE1,,,
WebGLPlayer,6,abandoned,100,100,1.0,1,2026-02-25 05:51:27.266000+00:00,10399faa-8e46-46d7-95ef-6e50cb706ee6,https://html-classic.itch.zone/html/16537285-1538396/index.html?v=1771980144,9nTmfQZAt1vazCFEH8NZ,,,
WebGLPlayer,2,trigger,100,100,1.0,2,2026-02-25 04:02:43.462000+00:00,d9490c57-0d14-4cf4-a6d5-6ac9f005e219,https://html-classic.itch.zone/html/16537285-1538396/index.html?v=1771980144,A3GMtyI2wwIIL1OdZrur,,,
WebGLPlayer,1,trigger,100,100,1.0,1,2026-02-25 04:31:47.638000+00:00,70b5ddbc-6a25-4fe0-b987-a1478fb55fe6,https://html-classic.itch.zone/html/16537285-1538396/index.html?v=1771980144,AV3XnK0PnNQoa2ATcvFK,,,
WebGLPlayer,1,trigger,100,100,1.0,1,2026-02-25 02:32:05.351000+00:00,98df4f7c-2f7d-4336-8e31-98e565231e8f,https://html-classic.itch.zone/html/16537285-1538396/index.html?v=1771980144,AibHZiRwwsGj1xpJkx17,,,
WebGLPlayer,4,abandoned,47,54,1.0,1,2026-02-26 02:15:38.957000+00:00,12ea51bf-5b57-4891-a08f-a0a9cb036581,https://bmanske505.github.io/Escape-The-Forest/,AvpGRdi0Jho8VKqiKrac,,,
WebGLPlayer,4,trigger,100,100,1.0,1,2026-02-25 04:58:32.879000+00:00,70b5ddbc-6a25-4fe0-b987-a1478fb55fe6,https://html-classic.itch.zone/html/16537285-1538396/index.html?v=1771980144,B4UjKiUaxS5Hf6mWo9IV,,,
WebGLPlayer,3,trigger,100,100,1.0,1,2026-02-25 02:36:20.681000+00:00,98df4f7c-2f7d-4336-8e31-98e565231e8f,https://html-classic.itch.zone/html/16537285-1538396/index.html?v=1771980144,BNzwOte3cyHcSElFZZTv,,,
WebGLPlayer,3,trigger,100,100,1.1,1,1772574649552,3fa752ab-40eb-4e77-aca7-ce8162fd64e6,https://html-classic.itch.zone/html/16537285-1546101/index.html?v=1772508675,Bm5NWZ97Lj4qe9SyJBt7,,1772574649.0,
WebGLPlayer,4,stalker,100,100,1.0,1,2026-02-25 01:51:40.205000+00:00,48d112f6-a109-4804-95d5-fd9956b1ade6,https://html-classic.itch.zone/html/16537285-1538396/index.html?v=1771980144,C2pOTy34CoFTbUX6MylP,,,
WebGLPlayer,2,trigger,100,100,1.0,1,2026-02-26 06:47:08.296000+00:00,05c9809b-f15b-4a30-af0c-d20d66f6c816,https://html-classic.itch.zone/html/16537285-1539301/index.html?v=1772048211,CQQAajvFbbdjCvE3qFuc,,,
WebGLPlayer,3,trigger,100,100,1.0,1,2026-02-25 01:49:04.365000+00:00,48d112f6-a109-4804-95d5-fd9956b1ade6,https://html-classic.itch.zone/html/16537285-1538396/index.html?v=1771980144,CvHB0ajMaCBzAVZqrhC7,,,
WebGLPlayer,3,trigger,100,100,1.0,1,2026-02-26 03:36:21.767000+00:00,2b5f5563-355f-4ed4-be41-a21cfbb88aea,https://html-classic.itch.zone/html/16537285-1539301/index.html?v=1772048211,D1PAW0Rkw1zt2wTRFyOh,,,
WebGLPlayer,3,,100,100,1.2,1,,d9ff913c-bfc2-467c-9042-9862e7cb4339,https://html-classic.itch.zone/html/16537285-1556842/WebGL/index.html?v=1773204363,DBDTvLp51B5mpZ2YBQVx,0.0,1773610154.0,1.0
WebGLPlayer,3,,100,100,1.2,1,,f8cd3c4e-f19f-4d31-b3fa-14917d17375a,https://html-classic.itch.zone/html/16537285-1556842/WebGL/index.html?v=1773204363,DWQHpl2mS4sMkHgFJdAs,0.0,1773461181.0,1.0
WebGLPlayer,4,abandoned,100,100,1.0,1,2026-02-25 04:47:08.015000+00:00,70b5ddbc-6a25-4fe0-b987-a1478fb55fe6,https://html-classic.itch.zone/html/16537285-1538396/index.html?v=1771980144,E0Rzm72bsPdHDRIIU0o0,,,
WebGLPlayer,4,,100,100,1.2,1,,835cc004-e460-4809-9d0d-4e5eb18def5c,https://html-classic.itch.zone/html/16537285-1556842/WebGL/index.html?v=1773204363,E7g5y6oimcvpbtgNsAGW,0.0,1773851408.0,1.0
WebGLPlayer,4,trigger,100,100,1.0,1,2026-02-28 00:22:12.903000+00:00,4ba415ef-8d1a-4f0c-9d99-af4c6cbb28d9,https://bmanske505.github.io/Escape-The-Forest/,EEvTwEm4lwRwI2nwk4UA,,,
WebGLPlayer,5,abandoned,100,100,1.0,1,2026-02-25 05:30:11.250000+00:00,7df36adf-44de-4187-9323-696cee2fb545,https://html-classic.itch.zone/html/16537285-1538396/index.html?v=1771980144,EXOryIBe1RUxIz9XMJ5o,,,
WebGLPlayer,4,abandoned,100,100,1.0,1,2026-02-25 05:28:36.435000+00:00,7df36adf-44de-4187-9323-696cee2fb545,https://html-classic.itch.zone/html/16537285-1538396/index.html?v=1771980144,EbRyuXKkhhNRIATE16EG,,,
WebGLPlayer,1,trigger,100,100,1.0,1,2026-02-25 19:37:27.718000+00:00,d5b5b4bc-0911-4b4e-9bc3-66ebdc1c9bd0,https://html-classic.itch.zone/html/16537285-1539301/index.html?v=1772048211,EnnXHaWM2B0V7Td53MoR,,,
WebGLPlayer,4,stalker,100,100,1.0,1,2026-02-26 02:28:54.379000+00:00,5559dbb6-6a01-4a3f-bb34-05607bbc4d07,https://html-classic.itch.zone/html/16537285-1539301/index.html?v=1772048211,Eq2QNHtMZjr1BlPUFGmc,,,
WebGLPlayer,5,,100,100,1.2,1,,d9ff913c-bfc2-467c-9042-9862e7cb4339,https://html-classic.itch.zone/html/16537285-1556842/WebGL/index.html?v=1773204363,EqcbT4mKLHzC7oRGnZL4,0.0,1773610319.0,1.0
WebGLPlayer,4,stalker,100,100,1.0,1,2026-02-26 06:59:29.975000+00:00,05c9809b-f15b-4a30-af0c-d20d66f6c816,https://html-classic.itch.zone/html/16537285-1539301/index.html?v=1772048211,EwsfydRaLGH7HGsk8BWN,,,
WebGLPlayer,3,trigger,100,100,1.0,1,2026-02-25 05:38:35.329000+00:00,fb093188-7616-4e0f-8509-4279e51245ec,https://html-classic.itch.zone/html/16537285-1538396/index.html?v=1771980144,F8HocXs30MtREqmsmSh4,,,
WebGLPlayer,6,,100,100,1.2,1,,d9ff913c-bfc2-467c-9042-9862e7cb4339,https://html-classic.itch.zone/html/16537285-1556842/WebGL/index.html?v=1773204363,FJbqkpPe2HL2F4OfP2A0,0.0,1773610588.0,1.0
WebGLPlayer,4,trigger,100,100,1.0,1,2026-02-26 06:59:17.508000+00:00,05c9809b-f15b-4a30-af0c-d20d66f6c816,https://html-classic.itch.zone/html/16537285-1539301/index.html?v=1772048211,FOWbkF4RBdMckcKnjiFX,,,
WebGLPlayer,3,trigger,100,100,1.1,1,1772650095345,e0387235-a3d5-4ddd-8fa6-bda81981cc26,https://html-classic.itch.zone/html/16537285-1546101/index.html?v=1772508675,FQSz04EyYYju4GzHpDLd,,1772650095.0,
WebGLPlayer,1,trigger,100,100,1.0,1,2026-02-26 06:45:02.818000+00:00,05c9809b-f15b-4a30-af0c-d20d66f6c816,https://html-classic.itch.zone/html/16537285-1539301/index.html?v=1772048211,Fe7mCBO8zAQTCLrNcS1B,,,
WebGLPlayer,3,trigger,100,100,1.0,1,2026-02-25 01:49:40.219000+00:00,48d112f6-a109-4804-95d5-fd9956b1ade6,https://html-classic.itch.zone/html/16537285-1538396/index.html?v=1771980144,FjufgdL67g5M7DsQc6km,,,
WebGLPlayer,4,,100,100,1.2,1,,918a5f2b-58b5-49b5-8927-3576999fb2f9,https://html-classic.itch.zone/html/16537285-1556842/WebGL/index.html?v=1773204363,FqEp827lebja2MrMItzn,0.0,1773358690.0,0.0
WebGLPlayer,3,trigger,100,100,1.0,1,2026-02-26 03:42:46.387000+00:00,2b5f5563-355f-4ed4-be41-a21cfbb88aea,https://html-classic.itch.zone/html/16537285-1539301/index.html?v=1772048211,Fx3WHKH2MxTOvzPoyfiN,,,
WebGLPlayer,1,trigger,100,100,1.0,1,2026-02-26 02:12:49.030000+00:00,5559dbb6-6a01-4a3f-bb34-05607bbc4d07,https://html-classic.itch.zone/html/16537285-1539301/index.html?v=1772048211,G1tsOBwjAYfknp0ayfBQ,,,
WebGLPlayer,2,trigger,100,100,1.0,1,2026-02-25 23:04:25.677000+00:00,d45cf436-5581-4a62-bfa6-e33dea22d1da,https://html-classic.itch.zone/html/16537285-1539301/index.html?v=1772048211,G8XZdMglTckcGeYcndrz,,,
WebGLPlayer,3,,100,100,1.2,1,,835cc004-e460-4809-9d0d-4e5eb18def5c,https://html-classic.itch.zone/html/16537285-1556842/WebGL/index.html?v=1773204363,G9pf8ZKAEMypzYru9Ixz,0.0,1773851218.0,1.0
WebGLPlayer,3,trigger,100,100,1.1,1,1772575329506,3fa752ab-40eb-4e77-aca7-ce8162fd64e6,https://html-classic.itch.zone/html/16537285-1546101/index.html?v=1772508675,GJjKwTdjCIj1VK60bmfH,,1772575329.0,
WebGLPlayer,4,stalker,47,54,1.0,1,2026-02-26 02:14:54.525000+00:00,12ea51bf-5b57-4891-a08f-a0a9cb036581,https://bmanske505.github.io/Escape-The-Forest/,GJs4MeuaD0DsQKZkXGyp,,,
WebGLPlayer,4,abandoned,100,100,1.0,1,2026-02-25 05:05:03.041000+00:00,70b5ddbc-6a25-4fe0-b987-a1478fb55fe6,https://html-classic.itch.zone/html/16537285-1538396/index.html?v=1771980144,GdKIBPkBKZAE9gfwYMIJ,,,
WebGLPlayer,4,stalker,100,100,1.0,1,2026-02-26 06:59:59.672000+00:00,05c9809b-f15b-4a30-af0c-d20d66f6c816,https://html-classic.itch.zone/html/16537285-1539301/index.html?v=1772048211,HC3wy6ZkMa8oTjcmqyXF,,,
WebGLPlayer,4,abandoned,100,100,1.0,1,2026-02-26 04:06:03.654000+00:00,2b5f5563-355f-4ed4-be41-a21cfbb88aea,https://html-classic.itch.zone/html/16537285-1539301/index.html?v=1772048211,HMWKSFZcFFaWTFMt4uR6,,,
WebGLPlayer,4,trigger,5,5,1.1,1,1772549888764,1f510df4-b380-4bf3-9798-b3c6f23e8d37,https://html-classic.itch.zone/html/16537285-1546101/index.html?v=1772508675,Hic2E7KC6FUZWrDS12d4,,1772549888.0,
WebGLPlayer,6,,100,100,1.2,1,,918a5f2b-58b5-49b5-8927-3576999fb2f9,https://html-classic.itch.zone/html/16537285-1556842/WebGL/index.html?v=1773204363,Hn4gm2H9JdzqgooRx1NF,0.0,1773358938.0,0.0
WebGLPlayer,3,trigger,100,100,1.1,1,1772672955608,42993cc6-9738-4aac-ae31-6d6f44a79105,https://html-classic.itch.zone/html/16537285-1546101/index.html?v=1772508675,HtfZffIvDlAAouOp1Itr,,1772672955.0,
WebGLPlayer,4,,66,67,1.2,1,,69e6bcf3-1aa7-418f-82e3-7256c4d066ee,https://html-classic.itch.zone/html/16537285-1556842/WebGL/index.html?v=1773204363,IcVHAQwEjpkBBDPZzUki,0.0,1773274155.0,1.0
WebGLPlayer,4,,14,17,1.2,2,,24bbaba8-dc51-4a09-b007-88a9522667a4,https://html-classic.itch.zone/html/16537285-1556842/WebGL/index.html?v=1773204363,IksVqInu4113xSi4W4n2,0.0,1773257469.0,1.0
WebGLPlayer,4,abandoned,100,100,1.0,1,2026-02-25 05:05:34.047000+00:00,70b5ddbc-6a25-4fe0-b987-a1478fb55fe6,https://html-classic.itch.zone/html/16537285-1538396/index.html?v=1771980144,JfXXEbnKyvnCktXk2kqA,,,
WebGLPlayer,3,trigger,100,100,1.0,1,2026-02-25 05:37:28.773000+00:00,10399faa-8e46-46d7-95ef-6e50cb706ee6,https://html-classic.itch.zone/html/16537285-1538396/index.html?v=1771980144,JhmU2aYEaCcV3NfNPcbS,,,
WebGLPlayer,4,,66,67,1.2,1,,69e6bcf3-1aa7-418f-82e3-7256c4d066ee,https://html-classic.itch.zone/html/16537285-1556842/WebGL/index.html?v=1773204363,Jp5Igv6keyOany5afQBp,0.0,1773274292.0,1.0
WebGLPlayer,3,trigger,100,100,1.0,1,2026-02-26 06:49:05.677000+00:00,05c9809b-f15b-4a30-af0c-d20d66f6c816,https://html-classic.itch.zone/html/16537285-1539301/index.html?v=1772048211,JpbPEBit5fnfHzsdbNzj,,,
WebGLPlayer,4,,46,49,1.2,2,,ed1da240-bdee-4af5-b0aa-d97140d7d27d,https://html-classic.itch.zone/html/16537285-1556842/WebGL/index.html?v=1773204363,KAAiDXCxMBLFQQ6ybuuQ,0.0,1773274841.0,0.0
WebGLPlayer,6,,14,17,1.2,2,,24bbaba8-dc51-4a09-b007-88a9522667a4,https://html-classic.itch.zone/html/16537285-1556842/WebGL/index.html?v=1773204363,Krnmdrl03Hav7S4UNnNz,0.0,1773280360.0,1.0
WebGLPlayer,3,,46,49,1.2,2,,ed1da240-bdee-4af5-b0aa-d97140d7d27d,https://html-classic.itch.zone/html/16537285-1556842/WebGL/index.html?v=1773204363,KuKU4uCNqoyhzPfvGz0U,0.0,1773273448.0,0.0
WebGLPlayer,4,stalker,100,100,1.0,1,2026-02-25 05:07:48.410000+00:00,70b5ddbc-6a25-4fe0-b987-a1478fb55fe6,https://html-classic.itch.zone/html/16537285-1538396/index.html?v=1771980144,Kuqeh5yEXMbOlaFhTmHC,,,
WebGLPlayer,3,,100,100,1.2,1,,835cc004-e460-4809-9d0d-4e5eb18def5c,https://html-classic.itch.zone/html/16537285-1556842/WebGL/index.html?v=1773204363,LAPM2XE0p3pTGDAnGfA8,0.0,1773851289.0,1.0
WebGLPlayer,4,stalker,100,100,1.0,1,2026-02-26 04:06:17.477000+00:00,2b5f5563-355f-4ed4-be41-a21cfbb88aea,https://html-classic.itch.zone/html/16537285-1539301/index.html?v=1772048211,LULOLqTS06P2CO91S3aH,,,
WebGLPlayer,5,,100,100,1.2,1,,d0fcd681-1078-40f5-9599-5084f7b318ae,https://html-classic.itch.zone/html/16537285-1556842/WebGL/index.html?v=1773204363,LaNUaNtAknlWDCSiepVk,0.0,1773604727.0,1.0
WebGLPlayer,3,trigger,100,100,1.0,1,2026-02-26 02:17:45.329000+00:00,5559dbb6-6a01-4a3f-bb34-05607bbc4d07,https://html-classic.itch.zone/html/16537285-1539301/index.html?v=1772048211,MOSw4Wi2ClzhtgY2RBsF,,,
WebGLPlayer,4,trigger,100,100,1.0,1,2026-02-25 05:48:08.025000+00:00,10399faa-8e46-46d7-95ef-6e50cb706ee6,https://html-classic.itch.zone/html/16537285-1538396/index.html?v=1771980144,MTeNIxNZMxcCU9h1yKEJ,,,
WebGLPlayer,4,abandoned,100,100,1.0,1,2026-02-25 01:50:39.039000+00:00,48d112f6-a109-4804-95d5-fd9956b1ade6,https://html-classic.itch.zone/html/16537285-1538396/index.html?v=1771980144,Me6A03gypdy72yUHq3Wk,,,
WebGLPlayer,4,trigger,47,54,1.0,1,2026-02-26 02:18:13.817000+00:00,12ea51bf-5b57-4891-a08f-a0a9cb036581,https://bmanske505.github.io/Escape-The-Forest/,MeDswXxXd2tFpPeGPrc6,,,
WebGLPlayer,2,trigger,100,100,1.0,1,2026-02-25 18:39:51.700000+00:00,ef62f788-2864-4fa4-a004-d90d2597b88f,https://html-classic.itch.zone/html/16537285-1538396/index.html?v=1771980144,MpMMuMuFjw5JhJh7s2TW,,,
WebGLPlayer,4,,100,100,1.2,1,,9499e297-7432-4864-933c-088679dad8ff,https://html-classic.itch.zone/html/16537285-1556842/WebGL/index.html?v=1773204363,MvNxjFP1wmAXVVtiAhl6,0.0,1773334251.0,1.0
WebGLPlayer,1,trigger,100,100,1.0,1,2026-02-25 05:21:22.025000+00:00,7df36adf-44de-4187-9323-696cee2fb545,https://html-classic.itch.zone/html/16537285-1538396/index.html?v=1771980144,Mx4T0Fks8kZT3WWwHSai,,,
WebGLPlayer,4,abandoned,100,100,1.0,1,2026-02-25 05:27:58.591000+00:00,7df36adf-44de-4187-9323-696cee2fb545,https://html-classic.itch.zone/html/16537285-1538396/index.html?v=1771980144,N3UVxxrV8tSnOyPyTRLt,,,
WebGLPlayer,6,,100,100,1.2,1,,d9ff913c-bfc2-467c-9042-9862e7cb4339,https://html-classic.itch.zone/html/16537285-1556842/WebGL/index.html?v=1773204363,N476R6zYbypSlVaIyCOv,0.0,1773610548.0,1.0
WebGLPlayer,1,trigger,100,100,1.0,1,2026-02-25 18:38:58.431000+00:00,ef62f788-2864-4fa4-a004-d90d2597b88f,https://html-classic.itch.zone/html/16537285-1538396/index.html?v=1771980144,N61bdWpyLvEfXhJyXy6C,,,
WebGLPlayer,3,,100,100,1.2,1,,26ca6f49-6baa-4ed5-8843-0aab2260422c,https://html-classic.itch.zone/html/16537285-1556842/WebGL/index.html?v=1773204363,NoNJR0XvNozmb902PekS,0.3,1773607590.0,1.0
WebGLPlayer,2,trigger,100,100,1.0,1,2026-02-25 01:28:05.018000+00:00,c896b358-4b46-4219-9b4f-e9cd038beb70,https://html-classic.itch.zone/html/16537285-1538396/index.html?v=1771980144,NvWyU14EZNfUfjVKZShw,,,
WebGLPlayer,6,abandoned,100,100,1.0,1,2026-02-25 05:52:10.606000+00:00,10399faa-8e46-46d7-95ef-6e50cb706ee6,https://html-classic.itch.zone/html/16537285-1538396/index.html?v=1771980144,OR3S3Xq4mBvpnFEyTBwR,,,
WebGLPlayer,4,stalker,100,100,1.0,1,2026-02-25 05:47:05.422000+00:00,10399faa-8e46-46d7-95ef-6e50cb706ee6,https://html-classic.itch.zone/html/16537285-1538396/index.html?v=1771980144,P7wxOv9bKgiCfz3vYWIp,,,
WebGLPlayer,1,trigger,100,100,1.0,1,2026-02-26 20:47:22.578000+00:00,576e8a75-8c91-465f-a6f2-5daa6f4306b0,https://html-classic.itch.zone/html/16537285-1539301/index.html?v=1772048211,P9IVOMNRpSyuiSSAiW0d,,,
WebGLPlayer,2,trigger,100,100,1.0,2,2026-02-26 00:13:09.709000+00:00,d0826227-0ba6-40a9-88b0-823d1c437007,https://html-classic.itch.zone/html/16537285-1539301/index.html?v=1772048211,PQudJgF0qlD4gpclmX4o,,,
WebGLPlayer,4,,100,100,1.2,1,,d9ff913c-bfc2-467c-9042-9862e7cb4339,https://html-classic.itch.zone/html/16537285-1556842/WebGL/index.html?v=1773204363,PWUhllLo0thkv6qPTJt5,0.0,1773610256.0,1.0
WebGLPlayer,3,,100,100,1.2,1,,d9ff913c-bfc2-467c-9042-9862e7cb4339,https://html-classic.itch.zone/html/16537285-1556842/WebGL/index.html?v=1773204363,PmlIss2yoRCmR9rhtlAS,0.0,1773610104.0,1.0
WebGLPlayer,4,abandoned,100,100,1.0,1,2026-02-26 07:10:02.656000+00:00,05c9809b-f15b-4a30-af0c-d20d66f6c816,https://html-classic.itch.zone/html/16537285-1539301/index.html?v=1772048211,PyX8qkO3mate9RCO1yRH,,,
WebGLPlayer,1,trigger,100,100,1.0,1,2026-02-26 03:30:43.500000+00:00,2b5f5563-355f-4ed4-be41-a21cfbb88aea,https://html-classic.itch.zone/html/16537285-1539301/index.html?v=1772048211,QOmzOiYpDeVt8KHQXESy,,,
WebGLPlayer,5,abandoned,100,100,1.0,1,2026-02-26 04:08:53.094000+00:00,2b5f5563-355f-4ed4-be41-a21cfbb88aea,https://html-classic.itch.zone/html/16537285-1539301/index.html?v=1772048211,RorDig8w9r6K28Nw61mK,,,
WebGLPlayer,3,,46,49,1.2,2,,ed1da240-bdee-4af5-b0aa-d97140d7d27d,https://html-classic.itch.zone/html/16537285-1556842/WebGL/index.html?v=1773204363,SGzSnpr13WSqeCT6B8Kl,0.0,1773273364.0,0.0
WebGLPlayer,3,trigger,100,100,1.0,1,2026-02-25 05:23:46.020000+00:00,7df36adf-44de-4187-9323-696cee2fb545,https://html-classic.itch.zone/html/16537285-1538396/index.html?v=1771980144,SQVJOfME36GBkVysZXrR,,,
WebGLPlayer,5,,9,7,1.2,2,,6890b777-81da-4a16-bd22-e1463f6d3701,https://html-classic.itch.zone/html/16537285-1556842/WebGL/index.html?v=1773204363,T4a5VwtJjqA4c61qy173,0.0,1773265858.0,1.0
WebGLPlayer,4,,14,17,1.2,2,,24bbaba8-dc51-4a09-b007-88a9522667a4,https://html-classic.itch.zone/html/16537285-1556842/WebGL/index.html?v=1773204363,T5asRkO9JgUnseS2sy8y,0.0,1773257352.0,1.0
WebGLPlayer,3,trigger,7,8,1.1,1,1772511231979,de227f93-8632-4b43-89db-9eb7dfc925de,https://html-classic.itch.zone/html/16537285-1546101/index.html?v=1772508675,ThfLtYPHxSUTYV90iMJw,,1772511231.0,
WebGLPlayer,4,abandoned,100,100,1.0,1,2026-02-26 04:01:41.597000+00:00,2b5f5563-355f-4ed4-be41-a21cfbb88aea,https://html-classic.itch.zone/html/16537285-1539301/index.html?v=1772048211,TmlIkFD5qL53vdtpcpcI,,,
WebGLPlayer,4,trigger,100,100,1.0,1,2026-02-26 04:00:10.557000+00:00,2b5f5563-355f-4ed4-be41-a21cfbb88aea,https://html-classic.itch.zone/html/16537285-1539301/index.html?v=1772048211,TtWeM9AePDyps9hjKMc8,,,
WebGLPlayer,4,stalker,100,100,1.0,1,2026-02-26 07:01:01.752000+00:00,05c9809b-f15b-4a30-af0c-d20d66f6c816,https://html-classic.itch.zone/html/16537285-1539301/index.html?v=1772048211,U8HPAHAaKfePeuYKqz8N,,,
WebGLPlayer,3,,100,100,1.2,1,,d0fcd681-1078-40f5-9599-5084f7b318ae,https://html-classic.itch.zone/html/16537285-1556842/WebGL/index.html?v=1773204363,UN9CppicSqEaLpryIwUF,0.0,1773604417.0,1.0
WebGLPlayer,2,trigger,100,100,1.0,1,2026-02-28 00:17:28.462000+00:00,4ba415ef-8d1a-4f0c-9d99-af4c6cbb28d9,https://bmanske505.github.io/Escape-The-Forest/,UPum6vcSKgbukfu00yFw,,,
WebGLPlayer,4,,46,49,1.2,2,,ed1da240-bdee-4af5-b0aa-d97140d7d27d,https://html-classic.itch.zone/html/16537285-1556842/WebGL/index.html?v=1773204363,UVHGDOQAOI0cFLHSi4Vx,0.0,1773274202.0,0.0
WebGLPlayer,3,,9,7,1.2,3,,6890b777-81da-4a16-bd22-e1463f6d3701,https://html-classic.itch.zone/html/16537285-1556842/WebGL/index.html?v=1773204363,VS0XwdfzcUs38Kc6xV0W,0.0,1773513790.0,1.0
WebGLPlayer,6,,100,100,1.2,1,,d0fcd681-1078-40f5-9599-5084f7b318ae,https://html-classic.itch.zone/html/16537285-1556842/WebGL/index.html?v=1773204363,VZ0TryESlZLW8GbnLFi1,0.0,1773604969.0,1.0
WebGLPlayer,3,,9,7,1.2,3,,6890b777-81da-4a16-bd22-e1463f6d3701,https://html-classic.itch.zone/html/16537285-1556842/WebGL/index.html?v=1773204363,VZt5GVmhyoZAcgo15je4,0.0,1773513842.0,1.0
WebGLPlayer,3,,46,49,1.2,2,,ed1da240-bdee-4af5-b0aa-d97140d7d27d,https://html-classic.itch.zone/html/16537285-1556842/WebGL/index.html?v=1773204363,VdbXWnTwiQNgsDsv6QVs,0.0,1773265234.0,0.0
WebGLPlayer,4,trigger,100,100,1.0,2,2026-02-25 05:12:44.549000+00:00,d9490c57-0d14-4cf4-a6d5-6ac9f005e219,https://html-classic.itch.zone/html/16537285-1538396/index.html?v=1771980144,W4I7SX6JRG4Rro3H3NKu,,,
WebGLPlayer,4,abandoned,100,100,1.0,1,2026-02-26 07:05:09.389000+00:00,05c9809b-f15b-4a30-af0c-d20d66f6c816,https://html-classic.itch.zone/html/16537285-1539301/index.html?v=1772048211,W9Ig2NUinbpOWdtjsQW0,,,
WebGLPlayer,4,,14,17,1.2,2,,24bbaba8-dc51-4a09-b007-88a9522667a4,https://html-classic.itch.zone/html/16537285-1556842/WebGL/index.html?v=1773204363,WDAn3hDpHjpVvh1WEt9r,0.0,1773257395.0,1.0
WebGLPlayer,2,trigger,100,100,1.0,1,2026-02-25 04:35:32.086000+00:00,70b5ddbc-6a25-4fe0-b987-a1478fb55fe6,https://html-classic.itch.zone/html/16537285-1538396/index.html?v=1771980144,WIpZBaAit2JnXp6ps9Mx,,,
WebGLPlayer,3,trigger,100,100,1.0,2,2026-02-26 00:20:19.793000+00:00,d0826227-0ba6-40a9-88b0-823d1c437007,https://html-classic.itch.zone/html/16537285-1539301/index.html?v=1772048211,WZ8y5JPlr1KRavkxcXkr,,,
WebGLPlayer,5,,14,17,1.2,2,,24bbaba8-dc51-4a09-b007-88a9522667a4,https://html-classic.itch.zone/html/16537285-1556842/WebGL/index.html?v=1773204363,Wpl3FQMV8xrC6rFH2ymi,0.0,1773257715.0,1.0
WebGLPlayer,6,abandoned,100,100,1.0,1,2026-02-25 05:47:54.309000+00:00,fb093188-7616-4e0f-8509-4279e51245ec,https://html-classic.itch.zone/html/16537285-1538396/index.html?v=1771980144,X6uENNtE6AoKZumplC1b,,,
WebGLPlayer,4,,100,100,1.2,1,,835cc004-e460-4809-9d0d-4e5eb18def5c,https://html-classic.itch.zone/html/16537285-1556842/WebGL/index.html?v=1773204363,XBvR5dUa97ewQhn5NwTs,0.0,1773851346.0,1.0
WebGLPlayer,3,trigger,100,100,1.0,1,2026-02-26 02:20:51.578000+00:00,5559dbb6-6a01-4a3f-bb34-05607bbc4d07,https://html-classic.itch.zone/html/16537285-1539301/index.html?v=1772048211,XDVDZYqWBm2Qkd5QtDN2,,,
WebGLPlayer,3,,9,7,1.2,2,,6890b777-81da-4a16-bd22-e1463f6d3701,https://html-classic.itch.zone/html/16537285-1556842/WebGL/index.html?v=1773204363,XDd5fjA2dfTeBU769ilP,0.0,1773264971.0,1.0
WebGLPlayer,4,abandoned,100,100,1.0,1,2026-02-26 02:27:57.232000+00:00,5559dbb6-6a01-4a3f-bb34-05607bbc4d07,https://html-classic.itch.zone/html/16537285-1539301/index.html?v=1772048211,XQl5aoPejDt0CCfslIuV,,,
WebGLPlayer,3,trigger,100,100,1.1,3,1772574960224,4ba415ef-8d1a-4f0c-9d99-af4c6cbb28d9,https://bmanske505.github.io/Escape-The-Forest/,XgNx3ANa0lb0TkSqbbsk,,1772574960.0,
WebGLPlayer,3,trigger,100,100,1.1,1,1772903347414,a9e7478e-0cb7-4f7f-ae7f-1a024e172003,https://html-classic.itch.zone/html/16537285-1546101/index.html?v=1772508675,YXEmQQUmUu6HSCKC2hts,,1772903347.0,
WebGLPlayer,3,trigger,25,25,1.1,2,1772745215614,0e885dc1-c373-4942-af80-d5caac9c4d5d,https://html-classic.itch.zone/html/16537285-1546101/index.html?v=1772508675,YaWa6eZhS1RlJuRH3eBS,,1772745215.0,
WebGLPlayer,4,,9,7,1.2,2,,6890b777-81da-4a16-bd22-e1463f6d3701,https://html-classic.itch.zone/html/16537285-1556842/WebGL/index.html?v=1773204363,ZKZfoC4fxwFaDfHrjtSD,0.0,1773265382.0,1.0
WebGLPlayer,6,,100,100,1.2,1,,d0fcd681-1078-40f5-9599-5084f7b318ae,https://html-classic.itch.zone/html/16537285-1556842/WebGL/index.html?v=1773204363,a9rIAGoF8eTRllD9PanV,0.0,1773604909.0,1.0
WebGLPlayer,6,,14,17,1.2,2,,24bbaba8-dc51-4a09-b007-88a9522667a4,https://html-classic.itch.zone/html/16537285-1556842/WebGL/index.html?v=1773204363,b4a7CvTmZiU2ySnzk3z8,0.0,1773280558.0,1.0
WebGLPlayer,4,,14,17,1.2,2,,24bbaba8-dc51-4a09-b007-88a9522667a4,https://html-classic.itch.zone/html/16537285-1556842/WebGL/index.html?v=1773204363,bdosBtR8JV2HHJ1f486J,0.0,1773257019.0,1.0
WebGLPlayer,4,abandoned,100,100,1.0,1,2026-02-25 04:46:19.754000+00:00,70b5ddbc-6a25-4fe0-b987-a1478fb55fe6,https://html-classic.itch.zone/html/16537285-1538396/index.html?v=1771980144,bxAT5zEjZpoWmypGIUZo,,,
WebGLPlayer,3,trigger,5,5,1.1,1,1772549823710,1f510df4-b380-4bf3-9798-b3c6f23e8d37,https://html-classic.itch.zone/html/16537285-1546101/index.html?v=1772508675,cCsjlJvseCNyzBr49bN5,,1772549823.0,
WebGLPlayer,4,abandoned,100,100,1.0,1,2026-02-25 05:44:10.425000+00:00,10399faa-8e46-46d7-95ef-6e50cb706ee6,https://html-classic.itch.zone/html/16537285-1538396/index.html?v=1771980144,coyJb6d8y3mZGjjNtmgR,,,
WebGLPlayer,4,abandoned,100,100,1.0,1,2026-02-25 05:08:18.955000+00:00,70b5ddbc-6a25-4fe0-b987-a1478fb55fe6,https://html-classic.itch.zone/html/16537285-1538396/index.html?v=1771980144,dFq9oZCx0UzvaqrDQMDB,,,
WebGLPlayer,3,trigger,100,100,1.0,2,2026-02-25 04:15:38.201000+00:00,d9490c57-0d14-4cf4-a6d5-6ac9f005e219,https://html-classic.itch.zone/html/16537285-1538396/index.html?v=1771980144,dOaNEBoY6CXijYGG3OMR,,,
WebGLPlayer,3,trigger,100,100,1.1,1,1772903292215,a9e7478e-0cb7-4f7f-ae7f-1a024e172003,https://html-classic.itch.zone/html/16537285-1546101/index.html?v=1772508675,dQmqw3VQ47QQMcb0px3A,,1772903292.0,
WebGLPlayer,3,,9,7,1.2,2,,6890b777-81da-4a16-bd22-e1463f6d3701,https://html-classic.itch.zone/html/16537285-1556842/WebGL/index.html?v=1773204363,dTLByrpXnLLirjRO2SKj,0.0,1773264753.0,1.0
WebGLPlayer,2,trigger,100,100,1.0,1,2026-02-25 18:34:54.812000+00:00,28e05da8-82dd-48f0-af05-a3e93b3b09ea,https://html-classic.itch.zone/html/16537285-1538396/index.html?v=1771980144,dXfn289yCftzzoCMJsrb,,,
WebGLPlayer,3,trigger,100,100,1.0,2,2026-02-25 04:18:42.728000+00:00,d9490c57-0d14-4cf4-a6d5-6ac9f005e219,https://html-classic.itch.zone/html/16537285-1538396/index.html?v=1771980144,dcA2Uk1qSfzRpUfiaUAr,,,
WebGLPlayer,6,abandoned,100,100,1.0,1,2026-02-25 05:43:03.321000+00:00,fb093188-7616-4e0f-8509-4279e51245ec,https://html-classic.itch.zone/html/16537285-1538396/index.html?v=1771980144,dfeLQlDXUQdfNZ1ha2ys,,,
WebGLPlayer,3,,100,100,1.2,1,,9499e297-7432-4864-933c-088679dad8ff,https://html-classic.itch.zone/html/16537285-1556842/WebGL/index.html?v=1773204363,djh26HFPorAVKIdv2YJB,0.0,1773334021.0,1.0
WebGLPlayer,6,,14,17,1.2,2,,24bbaba8-dc51-4a09-b007-88a9522667a4,https://html-classic.itch.zone/html/16537285-1556842/WebGL/index.html?v=1773204363,djyxH9GufQ2IuiYi00Ld,0.0,1773280166.0,1.0
WebGLPlayer,4,stalker,100,100,1.0,1,2026-02-26 03:59:39.157000+00:00,2b5f5563-355f-4ed4-be41-a21cfbb88aea,https://html-classic.itch.zone/html/16537285-1539301/index.html?v=1772048211,ex3ivBWzFHY9PdBt8y0h,,,
WebGLPlayer,4,trigger,100,100,1.0,1,2026-02-25 02:43:42.220000+00:00,98df4f7c-2f7d-4336-8e31-98e565231e8f,https://html-classic.itch.zone/html/16537285-1538396/index.html?v=1771980144,f3EgsNNMI6s3acgpVpFf,,,
WebGLPlayer,1,trigger,100,100,1.0,2,2026-02-25 03:49:14.607000+00:00,d9490c57-0d14-4cf4-a6d5-6ac9f005e219,https://html-classic.itch.zone/html/16537285-1538396/index.html?v=1771980144,fkHgZCvxK0EjvrqOrJH1,,,
WebGLPlayer,5,,100,100,1.2,1,,918a5f2b-58b5-49b5-8927-3576999fb2f9,https://html-classic.itch.zone/html/16537285-1556842/WebGL/index.html?v=1773204363,g4N2llkGwXZfhqa3J3tR,0.0,1773358787.0,0.0
WebGLPlayer,6,,14,17,1.2,2,,24bbaba8-dc51-4a09-b007-88a9522667a4,https://html-classic.itch.zone/html/16537285-1556842/WebGL/index.html?v=1773204363,gltZwcdJ5sOBL2yYzvlO,0.0,1773280502.0,1.0
WebGLPlayer,3,,100,100,1.2,1,,54d9d963-2be7-44ba-b701-1f1b11169492,https://html-classic.itch.zone/html/16537285-1556842/WebGL/index.html?v=1773204363,hSfLuFXSRRDnHRGC9knc,0.0,1773424057.0,1.0
WebGLPlayer,1,trigger,100,100,1.0,2,2026-02-25 19:26:41.502000+00:00,856eb70f-1272-4b9f-a2bd-4f8ef97c042c,https://html-classic.itch.zone/html/16537285-1538396/index.html?v=1771980144,i9LepH7YTJxHabWF6DRM,,,
WebGLPlayer,5,,100,100,1.2,1,,d0fcd681-1078-40f5-9599-5084f7b318ae,https://html-classic.itch.zone/html/16537285-1556842/WebGL/index.html?v=1773204363,iUKQQ1D96xvXrBaA1yCr,0.0,1773604822.0,1.0
WebGLPlayer,6,abandoned,100,100,1.0,1,2026-02-25 05:44:49.487000+00:00,fb093188-7616-4e0f-8509-4279e51245ec,https://html-classic.itch.zone/html/16537285-1538396/index.html?v=1771980144,jdNnnTcCChqqM27EWtvf,,,
WebGLPlayer,4,,66,67,1.2,1,,69e6bcf3-1aa7-418f-82e3-7256c4d066ee,https://html-classic.itch.zone/html/16537285-1556842/WebGL/index.html?v=1773204363,jhnJhc1TMpnSd0PC3XXz,0.0,1773273991.0,1.0
WebGLPlayer,3,,66,67,1.2,1,,69e6bcf3-1aa7-418f-82e3-7256c4d066ee,https://html-classic.itch.zone/html/16537285-1556842/WebGL/index.html?v=1773204363,k1a5a36jzEYlnfNWzNpX,0.0,1773273445.0,1.0
WebGLPlayer,3,trigger,100,100,1.0,1,2026-02-25 05:26:20.154000+00:00,7df36adf-44de-4187-9323-696cee2fb545,https://html-classic.itch.zone/html/16537285-1538396/index.html?v=1771980144,k7Cz2dsg2DKec3py19bc,,,
WebGLPlayer,2,trigger,47,54,1.0,1,2026-02-26 02:06:13.788000+00:00,12ea51bf-5b57-4891-a08f-a0a9cb036581,https://bmanske505.github.io/Escape-The-Forest/,kZj6o9jCQUavkB22gFfx,,,
WebGLPlayer,3,trigger,100,100,1.0,1,2026-02-25 02:39:05.591000+00:00,98df4f7c-2f7d-4336-8e31-98e565231e8f,https://html-classic.itch.zone/html/16537285-1538396/index.html?v=1771980144,lQjOTMOGeGyjN78UkjG8,,,
WebGLPlayer,1,trigger,47,54,1.0,1,2026-02-26 02:01:24.603000+00:00,12ea51bf-5b57-4891-a08f-a0a9cb036581,https://bmanske505.github.io/Escape-The-Forest/,lQzOCU0SMWx5WTJxAPlC,,,
WebGLPlayer,4,,100,100,1.2,1,,d0fcd681-1078-40f5-9599-5084f7b318ae,https://html-classic.itch.zone/html/16537285-1556842/WebGL/index.html?v=1773204363,lSvZUlBoND6snyxniyQO,0.0,1773604513.0,1.0
WebGLPlayer,3,trigger,100,100,1.0,1,2026-02-26 02:17:01.511000+00:00,5559dbb6-6a01-4a3f-bb34-05607bbc4d07,https://html-classic.itch.zone/html/16537285-1539301/index.html?v=1772048211,mIHKy4GLF8dN7gbD5yju,,,
WebGLPlayer,2,trigger,100,100,1.0,1,2026-02-26 03:33:26.856000+00:00,2b5f5563-355f-4ed4-be41-a21cfbb88aea,https://html-classic.itch.zone/html/16537285-1539301/index.html?v=1772048211,mL6Bk4Z9I4wrhfV5Um7V,,,
WebGLPlayer,3,trigger,100,100,1.1,1,1772672897275,42993cc6-9738-4aac-ae31-6d6f44a79105,https://html-classic.itch.zone/html/16537285-1546101/index.html?v=1772508675,mPUU0IdGnifi8aBNrUwt,,1772672897.0,
WebGLPlayer,4,abandoned,100,100,1.0,1,2026-02-26 04:00:39.539000+00:00,2b5f5563-355f-4ed4-be41-a21cfbb88aea,https://html-classic.itch.zone/html/16537285-1539301/index.html?v=1772048211,mSXrDWtJ7w5Ad3LlNrlC,,,
WebGLPlayer,3,trigger,100,100,1.1,1,1772672749034,42993cc6-9738-4aac-ae31-6d6f44a79105,https://html-classic.itch.zone/html/16537285-1546101/index.html?v=1772508675,nJOd3yLVoKAsFgJqC1zC,,1772672749.0,
WebGLPlayer,4,stalker,100,100,1.0,1,2026-02-25 02:42:58.439000+00:00,98df4f7c-2f7d-4336-8e31-98e565231e8f,https://html-classic.itch.zone/html/16537285-1538396/index.html?v=1771980144,nP1fal5e6CKG37ISgW4h,,,
WebGLPlayer,3,trigger,100,100,1.0,1,2026-02-25 04:43:02.134000+00:00,70b5ddbc-6a25-4fe0-b987-a1478fb55fe6,https://html-classic.itch.zone/html/16537285-1538396/index.html?v=1771980144,nS1jWqNVfXq9mQQiBdmM,,,
WebGLPlayer,4,,100,100,1.2,1,,9499e297-7432-4864-933c-088679dad8ff,https://html-classic.itch.zone/html/16537285-1556842/WebGL/index.html?v=1773204363,ncjWBcGvxawaILkUyT0n,0.0,1773334190.0,1.0
WebGLPlayer,3,trigger,5,5,1.1,1,1772549589841,1f510df4-b380-4bf3-9798-b3c6f23e8d37,https://html-classic.itch.zone/html/16537285-1546101/index.html?v=1772508675,nyKLCCqKfHp6FoFmFViX,,1772549589.0,
WebGLPlayer,1,trigger,100,100,1.0,2,2026-02-26 00:09:23.973000+00:00,d0826227-0ba6-40a9-88b0-823d1c437007,https://html-classic.itch.zone/html/16537285-1539301/index.html?v=1772048211,oDHTTwphX6JvC2ZsMuuP,,,
WebGLPlayer,4,,66,67,1.2,1,,69e6bcf3-1aa7-418f-82e3-7256c4d066ee,https://html-classic.itch.zone/html/16537285-1556842/WebGL/index.html?v=1773204363,oxsfBktqVX8o0VuBFEBm,0.0,1773274084.0,1.0
WebGLPlayer,2,trigger,100,100,1.0,1,2026-02-25 01:46:44.508000+00:00,48d112f6-a109-4804-95d5-fd9956b1ade6,https://html-classic.itch.zone/html/16537285-1538396/index.html?v=1771980144,oy21rVcINCdLj0yfJ7Er,,,
WebGLPlayer,4,trigger,47,54,1.0,1,2026-02-26 02:13:37.132000+00:00,12ea51bf-5b57-4891-a08f-a0a9cb036581,https://bmanske505.github.io/Escape-The-Forest/,pBbhmX2LHc5qa08VmX5R,,,
WebGLPlayer,1,trigger,100,100,1.0,1,2026-02-25 01:23:32.925000+00:00,aaf31f2b-cd73-4dc0-b491-ce61797253fc,https://html-classic.itch.zone/html/16537285-1538396/index.html?v=1771980144,pWIcV1HoshxaPcgh9gJ8,,,
WebGLPlayer,4,trigger,100,100,1.0,1,2026-02-26 04:04:43.194000+00:00,2b5f5563-355f-4ed4-be41-a21cfbb88aea,https://html-classic.itch.zone/html/16537285-1539301/index.html?v=1772048211,pZBdB7xBeKAtU3VK02U8,,,
WebGLPlayer,4,trigger,100,100,1.0,1,2026-02-25 02:42:00.090000+00:00,98df4f7c-2f7d-4336-8e31-98e565231e8f,https://html-classic.itch.zone/html/16537285-1538396/index.html?v=1771980144,pibpVVldKf4OJEybOGzC,,,
WebGLPlayer,4,trigger,5,5,1.1,1,1772550437476,1f510df4-b380-4bf3-9798-b3c6f23e8d37,https://html-classic.itch.zone/html/16537285-1546101/index.html?v=1772508675,q8Z7kTHivCsG6QyLu9lb,,1772550437.0,
WebGLPlayer,3,,100,100,1.2,1,,918a5f2b-58b5-49b5-8927-3576999fb2f9,https://html-classic.itch.zone/html/16537285-1556842/WebGL/index.html?v=1773204363,qEn6Nf8ygGawhK002t6d,0.0,1773358437.0,0.0
WebGLPlayer,1,trigger,100,100,1.0,1,2026-02-25 05:34:22.823000+00:00,10399faa-8e46-46d7-95ef-6e50cb706ee6,https://html-classic.itch.zone/html/16537285-1538396/index.html?v=1771980144,qKkacf7bUFOytfkMkGoz,,,
WebGLPlayer,4,abandoned,100,100,1.0,1,2026-02-25 05:46:39.570000+00:00,10399faa-8e46-46d7-95ef-6e50cb706ee6,https://html-classic.itch.zone/html/16537285-1538396/index.html?v=1771980144,qUcUPTCEcrKdz4egS7Nw,,,
WebGLPlayer,3,,14,17,1.2,2,,24bbaba8-dc51-4a09-b007-88a9522667a4,https://html-classic.itch.zone/html/16537285-1556842/WebGL/index.html?v=1773204363,qqDGCRheaXk9wNiF7LCl,0.0,1773256745.0,1.0
WebGLPlayer,4,trigger,100,100,1.0,1,2026-02-26 04:04:25.204000+00:00,2b5f5563-355f-4ed4-be41-a21cfbb88aea,https://html-classic.itch.zone/html/16537285-1539301/index.html?v=1772048211,qqdu4HQHCPGxTHCDh6b0,,,
WebGLPlayer,4,,9,7,1.2,2,,6890b777-81da-4a16-bd22-e1463f6d3701,https://html-classic.itch.zone/html/16537285-1556842/WebGL/index.html?v=1773204363,qym0h7bgZ5k7lzQd4Jr8,0.0,1773265250.0,1.0
WebGLPlayer,2,trigger,100,100,1.0,1,2026-02-25 02:33:39.198000+00:00,98df4f7c-2f7d-4336-8e31-98e565231e8f,https://html-classic.itch.zone/html/16537285-1538396/index.html?v=1771980144,r5qizawDEeN3nwTaczHS,,,
WebGLPlayer,4,stalker,100,100,1.0,2,2026-02-25 04:46:13.811000+00:00,d9490c57-0d14-4cf4-a6d5-6ac9f005e219,https://html-classic.itch.zone/html/16537285-1538396/index.html?v=1771980144,r6iGYsyZipGLv7yuSpsj,,,
WebGLPlayer,1,trigger,100,100,1.0,1,2026-02-25 23:03:33.431000+00:00,d45cf436-5581-4a62-bfa6-e33dea22d1da,https://html-classic.itch.zone/html/16537285-1539301/index.html?v=1772048211,rNHUnfgl5NVv1vPgvCOy,,,
WebGLPlayer,2,trigger,100,100,1.0,1,2026-02-26 20:48:24.216000+00:00,576e8a75-8c91-465f-a6f2-5daa6f4306b0,https://html-classic.itch.zone/html/16537285-1539301/index.html?v=1772048211,rZ6sKUrLHuY1LqijN4hZ,,,
WebGLPlayer,3,,100,100,1.2,1,,9499e297-7432-4864-933c-088679dad8ff,https://html-classic.itch.zone/html/16537285-1556842/WebGL/index.html?v=1773204363,rtJRyvtByLXxA14U1jWO,0.0,1773333896.0,1.0
WebGLPlayer,3,,66,67,1.2,1,,69e6bcf3-1aa7-418f-82e3-7256c4d066ee,https://html-classic.itch.zone/html/16537285-1556842/WebGL/index.html?v=1773204363,rw8cY1OtrmdbUQFoIYT3,0.0,1773273549.0,1.0
WebGLPlayer,4,,14,17,1.2,2,,24bbaba8-dc51-4a09-b007-88a9522667a4,https://html-classic.itch.zone/html/16537285-1556842/WebGL/index.html?v=1773204363,s4IfU312T84gU9kD7jxI,0.0,1773257205.0,1.0
WebGLPlayer,4,stalker,100,100,1.0,2,2026-02-25 05:04:08.166000+00:00,d9490c57-0d14-4cf4-a6d5-6ac9f005e219,https://html-classic.itch.zone/html/16537285-1538396/index.html?v=1771980144,sIqDOm1sW7cbJtBFneOG,,,
WebGLPlayer,4,abandoned,100,100,1.0,1,2026-02-26 03:46:36.127000+00:00,2b5f5563-355f-4ed4-be41-a21cfbb88aea,https://html-classic.itch.zone/html/16537285-1539301/index.html?v=1772048211,sNd69pgBLAIVl8wjIH54,,,
WebGLPlayer,3,trigger,100,100,1.1,3,1772574927007,4ba415ef-8d1a-4f0c-9d99-af4c6cbb28d9,https://bmanske505.github.io/Escape-The-Forest/,sPnaK43Tma4Mu8lCnCql,,1772574927.0,
WebGLPlayer,1,trigger,100,100,1.0,1,2026-02-25 18:51:01.081000+00:00,12ea51bf-5b57-4891-a08f-a0a9cb036581,https://bmanske505.github.io/Escape-The-Forest/,suLKULFzGHc90GXmTN6J,,,
WebGLPlayer,3,trigger,100,100,1.1,3,1772586503686,4ba415ef-8d1a-4f0c-9d99-af4c6cbb28d9,https://bmanske505.github.io/Escape-The-Forest/,szbDwpxyR17NGc5ebXYr,,1772586503.0,
WebGLPlayer,3,trigger,7,8,1.1,1,1772511640353,de227f93-8632-4b43-89db-9eb7dfc925de,https://html-classic.itch.zone/html/16537285-1546101/index.html?v=1772508675,t6QajvNCApH0ciB2mkvP,,1772511640.0,
WebGLPlayer,6,,14,17,1.2,2,,24bbaba8-dc51-4a09-b007-88a9522667a4,https://html-classic.itch.zone/html/16537285-1556842/WebGL/index.html?v=1773204363,tk8lLrkyvKgsRAb987O8,0.0,1773280642.0,1.0
WebGLPlayer,3,trigger,7,8,1.1,1,1772511748424,de227f93-8632-4b43-89db-9eb7dfc925de,https://html-classic.itch.zone/html/16537285-1546101/index.html?v=1772508675,u5zqXzh4q0QToVoYRgok,,1772511748.0,
WebGLPlayer,2,trigger,100,100,1.0,2,2026-02-25 19:31:08.690000+00:00,856eb70f-1272-4b9f-a2bd-4f8ef97c042c,https://html-classic.itch.zone/html/16537285-1538396/index.html?v=1771980144,u76OXooYvFZu1MjzTFM8,,,
WebGLPlayer,3,,100,100,1.2,1,,918a5f2b-58b5-49b5-8927-3576999fb2f9,https://html-classic.itch.zone/html/16537285-1556842/WebGL/index.html?v=1773204363,uAS7PtE256qiAWgRgTov,0.0,1773358404.0,0.0
WebGLPlayer,1,trigger,100,100,1.0,1,2026-02-26 20:46:03.456000+00:00,140c3497-a723-4a52-8bb9-582edf7fd8b9,https://html-classic.itch.zone/html/16537285-1539301/index.html?v=1772048211,uGD7IDJXa1kysRWcCFjN,,,
WebGLPlayer,3,trigger,7,8,1.1,1,1772511688950,de227f93-8632-4b43-89db-9eb7dfc925de,https://html-classic.itch.zone/html/16537285-1546101/index.html?v=1772508675,uRY5FJxB7KgcFvusES5q,,1772511688.0,
WebGLPlayer,3,trigger,7,8,1.1,1,1772511567588,de227f93-8632-4b43-89db-9eb7dfc925de,https://html-classic.itch.zone/html/16537285-1546101/index.html?v=1772508675,uTHAJMf15OF2igOAV2Gz,,1772511567.0,
WebGLPlayer,1,trigger,100,100,1.0,1,2026-02-25 05:35:40.729000+00:00,fb093188-7616-4e0f-8509-4279e51245ec,https://html-classic.itch.zone/html/16537285-1538396/index.html?v=1771980144,v2ssn4YHxTC4L3TlYx5J,,,
WebGLPlayer,3,,46,49,1.2,2,,ed1da240-bdee-4af5-b0aa-d97140d7d27d,https://html-classic.itch.zone/html/16537285-1556842/WebGL/index.html?v=1773204363,vzzcUIoPMKE1YebGraZt,0.0,1773273955.0,0.0
WebGLPlayer,4,trigger,100,100,1.0,1,2026-02-26 07:12:58.768000+00:00,05c9809b-f15b-4a30-af0c-d20d66f6c816,https://html-classic.itch.zone/html/16537285-1539301/index.html?v=1772048211,wINya73IX7Qks6V6nkOw,,,
WebGLPlayer,3,,100,100,1.2,1,,d0fcd681-1078-40f5-9599-5084f7b318ae,https://html-classic.itch.zone/html/16537285-1556842/WebGL/index.html?v=1773204363,wRwh9mVxeVNTVd4oLTcS,0.0,1773604344.0,1.0
WebGLPlayer,3,trigger,100,100,1.1,1,1772673030302,42993cc6-9738-4aac-ae31-6d6f44a79105,https://html-classic.itch.zone/html/16537285-1546101/index.html?v=1772508675,wU5pq6T3VYk9apbCkP2d,,1772673030.0,
WebGLPlayer,4,,100,100,1.2,1,,918a5f2b-58b5-49b5-8927-3576999fb2f9,https://html-classic.itch.zone/html/16537285-1556842/WebGL/index.html?v=1773204363,wWyrwVUcVquOHx1wkkU9,0.0,1773358633.0,0.0
WebGLPlayer,3,,14,17,1.2,2,,24bbaba8-dc51-4a09-b007-88a9522667a4,https://html-classic.itch.zone/html/16537285-1556842/WebGL/index.html?v=1773204363,wgwE888LG1X4h9iSA1nf,0.0,1773256813.0,1.0
WebGLPlayer,4,trigger,100,100,1.0,1,2026-02-25 01:55:05.565000+00:00,48d112f6-a109-4804-95d5-fd9956b1ade6,https://html-classic.itch.zone/html/16537285-1538396/index.html?v=1771980144,xNI2H4cTdOg0kC9vpspW,,,
WebGLPlayer,3,,100,100,1.2,1,,f8cd3c4e-f19f-4d31-b3fa-14917d17375a,https://html-classic.itch.zone/html/16537285-1556842/WebGL/index.html?v=1773204363,xYkMbuVjKR4F1i1QZb8R,0.0,1773461311.0,1.0
WebGLPlayer,6,abandoned,100,100,1.0,1,2026-02-25 05:49:38.030000+00:00,fb093188-7616-4e0f-8509-4279e51245ec,https://html-classic.itch.zone/html/16537285-1538396/index.html?v=1771980144,xgmVHWscbIEMJIuxTY4N,,,
WebGLPlayer,5,,100,100,1.2,1,,d0fcd681-1078-40f5-9599-5084f7b318ae,https://html-classic.itch.zone/html/16537285-1556842/WebGL/index.html?v=1773204363,xhEqsMFVItv8p33e0WOD,0.0,1773604666.0,1.0
WebGLPlayer,6,,14,17,1.2,2,,24bbaba8-dc51-4a09-b007-88a9522667a4,https://html-classic.itch.zone/html/16537285-1556842/WebGL/index.html?v=1773204363,xomAfVMCLAMYDcbO9Q8I,0.0,1773280687.0,1.0
WebGLPlayer,2,trigger,100,100,1.0,1,2026-02-25 05:22:41.280000+00:00,7df36adf-44de-4187-9323-696cee2fb545,https://html-classic.itch.zone/html/16537285-1538396/index.html?v=1771980144,yOhoXbUEBIIeItB94BGw,,,
WebGLPlayer,4,,100,100,1.2,1,,f8cd3c4e-f19f-4d31-b3fa-14917d17375a,https://html-classic.itch.zone/html/16537285-1556842/WebGL/index.html?v=1773204363,zIUgX1dvpaiYP8bwv8Cx,0.0,1773461386.0,1.0
WebGLPlayer,3,trigger,100,100,1.0,1,2026-02-26 06:47:55.660000+00:00,05c9809b-f15b-4a30-af0c-d20d66f6c816,https://html-classic.itch.zone/html/16537285-1539301/index.html?v=1772048211,za2Y5wNikVQNnShoJu03,,,
WebGLPlayer,4,abandoned,100,100,1.0,1,2026-02-26 03:58:47.984000+00:00,2b5f5563-355f-4ed4-be41-a21cfbb88aea,https://html-classic.itch.zone/html/16537285-1539301/index.html?v=1772048211,zdcigudqxtD5tn3aSfUG,,,
WebGLPlayer,5,,100,100,1.2,1,,918a5f2b-58b5-49b5-8927-3576999fb2f9,https://html-classic.itch.zone/html/16537285-1556842/WebGL/index.html?v=1773204363,zqhwKz3pJoRttgCtBEzB,0.0,1773358847.0,0.0
WebGLPlayer,4,,100,100,1.2,1,,d9ff913c-bfc2-467c-9042-9862e7cb4339,https://html-classic.itch.zone/html/16537285-1556842/WebGL/index.html?v=1773204363,ztO45t6tvf1uHoZ7JNfx,0.0,1773610213.0,1.0
